0.00294118794,0.838452041,0.88689214,-0.00706172734,0.0164862983,-0.849177897,0.527802229,0.129192635,-0.0170748364,0.0408025123,0.0673000887,-0.27375263,0.119041011,-0.299476236,-0.146111652,-0.0696233734,0.182243973,0.0774405971,0.169168577,-0.124822751,-0.113031358,0.109902769,-0.027389124,0.4515104,-0.476726025,0.928908944,-0.052814845,-0.0500118919,0.0582958087,-0.716746151,-0.771349847,0.368137568,0.202280641,-0.229379967,-0.0304509178,-0.305967301
0.00147965376,0.836055279,0.886207044,-0.0114078112,0.018793324,-0.851717472,0.523539901,0.144730255,-0.00890382566,0.0504371189,0.0659731403,-0.286897123,0.113252565,-0.284181118,-0.1303633,-0.0716533735,0.174640208,0.0725141391,0.167990848,-0.139062494,-0.08617796,0.116482317,-0.0560298003,0.408673286,-0.464550227,1.00687969,-0.0624799393,-0.107590638,0.0566436052,-0.814293981,-0.768814027,0.45110327,0.273225367,-0.227588192,-0.0516081676,-0.328685343
0.00242462824,0.836991847,0.886018038,-0.0123112965,0.0188069474,-0.854687393,0.518656135,0.147815228,-0.00356048276,0.0555730797,0.0637355819,-0.290147126,0.109250464,-0.284050226,-0.12647438,-0.0715792403,0.1668538,0.0654742122,0.1669337,-0.149049863,-0.0703911334,0.120266929,-0.0703134686,0.38452673,-0.454035431,1.05162764,-0.0659478903,-0.142177477,0.0525785349,-0.872427642,-0.769862711,0.50193727,0.310013235,-0.230326384,-0.0657290295,-0.34019497
0.000306971633,0.834595084,0.885730445,-0.0137305222,0.0200111382,-0.851725161,0.523426473,0.156042188,-0.000551275851,0.0539277494,0.0616450422,-0.295392662,0.104929268,-0.267063022,-0.123194471,-0.0788976625,0.158539683,0.0613794439,0.165992439,-0.159519628,-0.0615193322,0.116241589,-0.0654070601,0.374457419,-0.447820276,1.06797004,-0.0639505833,-0.157826766,0.0480251946,-0.891662478,-0.775464296,0.524578094,0.318413496,-0.236997545,-0.0726648718,-0.342371523
0.000804241339,0.833760142,0.885802567,-0.0144264735,0.0196265206,-0.850101471,0.526055276,0.157697439,0.00238319556,0.0525079779,0.0625671968,-0.295630544,0.102341607,-0.259176224,-0.122813582,-0.0827783272,0.152312592,0.0576285236,0.165139452,-0.165287435,-0.0593402013,0.112999238,-0.0585401505,0.373773575,-0.442443848,1.0685699,-0.0605233237,-0.162240177,0.0445212461,-0.890927672,-0.783018827,0.529679239,0.311092466,-0.245324656,-0.0747732744,-0.340711206
0.00205019535,0.834500909,0.88572365,-0.0131824603,0.0185215995,-0.850901008,0.524833977,0.151948318,-0.00033361619,0.0552730188,0.068028599,-0.29316774,0.102162734,-0.263769746,-0.124154441,-0.0791290253,0.152310073,0.0573175251,0.164871916,-0.164262488,-0.0621798746,0.114650227,-0.0589973293,0.377586573,-0.436481416,1.0630722,-0.0570995919,-0.16141291,0.042662818,-0.883843839,-0.790989459,0.5260548,0.299004674,-0.254623711,-0.0739141554,-0.338652074
0.00459328573,0.836697638,0.885920942,-0.0110416058,0.0166964885,-0.854454577,0.519140303,0.14003548,-0.00387044111,0.0605337583,0.0784923658,-0.287906379,0.104522742,-0.279244155,-0.127174005,-0.0693940893,0.156193808,0.0581984557,0.165249258,-0.15738377,-0.0676200315,0.121177696,-0.0677406341,0.382130384,-0.429536015,1.05594981,-0.0566708893,-0.158447817,0.0430994257,-0.875881791,-0.797029614,0.518585622,0.289483547,-0.261760026,-0.0713223666,-0.337452441
0.00393146789,0.835560977,0.885858238,-0.0111438045,0.0162644386,-0.85284698,0.521788597,0.135042056,-0.00823772047,0.0631234124,0.0921049714,-0.289040506,0.107455961,-0.278467864,-0.128039479,-0.0631586462,0.163472936,0.0640594214,0.166427463,-0.150802448,-0.0721213967,0.127204135,-0.075797908,0.384550542,-0.425214946,1.0478183,-0.059358459,-0.155632526,0.0471403301,-0.865127802,-0.799574196,0.510962129,0.286815763,-0.264139324,-0.0676373839,-0.336779356
0.00660298346,0.837757707,0.886093915,-0.0104089119,0.0146010248,-0.855947912,0.516751051,0.119871683,-0.0108186807,0.0674829483,0.10956984,-0.285568118,0.112162307,-0.295021474,-0.130711049,-0.0522200763,0.171957567,0.0685746297,0.168545157,-0.140157565,-0.0776656866,0.138052166,-0.0917776451,0.386594146,-0.420347929,1.04040587,-0.0650300831,-0.152394608,0.0545369238,-0.858701885,-0.796105027,0.504401743,0.291595191,-0.262553662,-0.0637599304,-0.337641984
0.00670585129,0.838568151,0.886093915,-0.00961392093,0.0144488625,-0.85778749,0.513711452,0.108615145,-0.0152636832,0.0715012178,0.126495376,-0.285353094,0.116150595,-0.306023538,-0.131879836,-0.0430033989,0.181695893,0.0748000219,0.170651063,-0.130321443,-0.082685411,0.148216054,-0.107119195,0.387755007,-0.416984737,1.03480995,-0.0709091499,-0.149260134,0.0644300729,-0.85551405,-0.787551522,0.500487089,0.304863006,-0.256749421,-0.060382545,-0.338796228
0.00751111237,0.838479638,0.88633132,-0.009682009,0.0141871255,-0.858247936,0.512947798,0.101038761,-0.0150165195,0.0737938508,0.13994585,-0.285497487,0.118473656,-0.311515212,-0.130789086,-0.0372713916,0.189032331,0.0791257396,0.171805188,-0.123646826,-0.0864659399,0.155853674,-0.118174031,0.388452321,-0.414393693,1.03120542,-0.0748489127,-0.146631867,0.0753041655,-0.854877591,-0.775614977,0.500068903,0.324595481,-0.247416407,-0.0585321784,-0.338807374
0.00799489487,0.83831358,0.886481702,-0.01014739,0.0143614048,-0.858611703,0.51232481,0.0963165686,-0.0145577164,0.0751665607,0.149747565,-0.285098225,0.119440198,-0.314161479,-0.129716486,-0.0343026854,0.193461776,0.0824131444,0.172262371,-0.120172054,-0.0889718458,0.16100508,-0.125508413,0.388564348,-0.412642986,1.03040159,-0.0758758336,-0.144746199,0.085145101,-0.856528342,-0.76336652,0.502323329,0.347971618,-0.238988161,-0.0575196482,-0.337299317
0.00867392123,0.838168621,0.886614323,-0.010450664,0.0143011967,-0.858782411,0.512034237,0.0930963457,-0.0136736101,0.0755622461,0.154995173,-0.28506577,0.11962299,-0.315998614,-0.128732651,-0.0333077349,0.195853978,0.0851841718,0.172637314,-0.118822001,-0.0904683322,0.164297044,-0.131471038,0.387899995,-0.41114518,1.03274071,-0.0740395337,-0.143608093,0.0928002,-0.859280229,-0.753237784,0.505572617,0.370334625,-0.232640237,-0.0576295517,-0.335898668
0.00848229229,0.838223398,0.88676697,-0.0104707396,0.0149765471,-0.858603776,0.512313962,0.0915153176,-0.0126382057,0.0756871179,0.157102063,-0.285184115,0.119239174,-0.317138821,-0.127997562,-0.0331061706,0.197555795,0.087090753,0.172551364,-0.118864559,-0.0913671106,0.166531742,-0.136496544,0.386854172,-0.4098427,1.03633928,-0.0700656176,-0.143454835,0.0972608775,-0.86200273,-0.746629894,0.508396268,0.38803041,-0.228272721,-0.0589041226,-0.335836023
0.00779816043,0.838419616,0.886924505,-0.010286957,0.0158792827,-0.858320892,0.512764394,0.0909529775,-0.0119038308,0.0754510313,0.156471029,-0.285326451,0.118387334,-0.317990363,-0.127884835,-0.0340039991,0.198655427,0.0879525989,0.172141537,-0.119442672,-0.0921697691,0.168227538,-0.140896857,0.385520816,-0.408290535,1.0403018,-0.0673625544,-0.143958181,0.0982386395,-0.864019632,-0.743284106,0.509533942,0.400125295,-0.22391215,-0.0608259998,-0.336820453
0.00738173164,0.838662207,0.887067854,-0.00979159679,0.0165572912,-0.857878149,0.513493001,0.0909075141,-0.0110051418,0.0747534111,0.153710663,-0.284844279,0.117270313,-0.318721592,-0.127855405,-0.0356300175,0.199159637,0.0877914354,0.171055287,-0.1202292,-0.09307307,0.169482812,-0.144428864,0.384766459,-0.406932831,1.04410851,-0.0665964559,-0.144912943,0.0960144103,-0.865950167,-0.743471801,0.509352446,0.407143116,-0.219505236,-0.0631302521,-0.33760795
0.00705217477,0.839035392,0.887180805,-0.00902161468,0.0170741566,-0.857394934,0.514296591,0.0917508826,-0.0104702897,0.0739310607,0.148695409,-0.284023345,0.11553368,-0.318971992,-0.128387362,-0.0378591679,0.198152408,0.0864708945,0.169228494,-0.121269174,-0.0942515209,0.170072928,-0.146394938,0.38541773,-0.406957835,1.0469265,-0.0664616227,-0.146306649,0.0914787576,-0.868435681,-0.747650862,0.508579731,0.410332739,-0.215645388,-0.0655203313,-0.337762386
0.00672646752,0.839380205,0.887222111,-0.00822657719,0.017481314,-0.856929302,0.515071809,0.093677178,-0.00984740071,0.0726597458,0.140939802,-0.283275485,0.112952687,-0.317703962,-0.128697991,-0.0416229703,0.194154516,0.0833455399,0.167075366,-0.123012498,-0.095305182,0.169639096,-0.145429164,0.387316138,-0.409594983,1.04856503,-0.065239653,-0.148462772,0.0856869146,-0.871236801,-0.756128848,0.508128583,0.41062811,-0.214131057,-0.0678098872,-0.337088406
0.00539581943,0.839485109,0.887268007,-0.00743982522,0.0183245614,-0.856100559,0.516430676,0.0989035293,-0.00819865987,0.0699151903,0.130532652,-0.282582551,0.109199777,-0.311450094,-0.128983498,-0.0492709614,0.185236812,0.0763881132,0.164785221,-0.126427904,-0.095288001,0.167071477,-0.138991132,0.389282256,-0.415327758,1.04945076,-0.0619992837,-0.151572853,0.0796311572,-0.872137785,-0.768354237,0.508982539,0.409339517,-0.215200603,-0.0698469952,-0.334595382
0.00293041486,0.838216007,0.887539327,-0.00770846428,0.019605644,-0.853889287,0.520028174,0.110495336,-0.00554704247,0.0639333054,0.117624521,-0.282478511,0.104020774,-0.294593036,-0.129079059,-0.0631038696,0.171064124,0.0668805763,0.162898213,-0.132608578,-0.0936767608,0.161164835,-0.124966905,0.390061885,-0.424057007,1.04962075,-0.0583444349,-0.15623109,0.0744654983,-0.869430542,-0.783272266,0.51249063,0.408135623,-0.217798099,-0.0715362579,-0.3294698
0.000448477978,0.835464239,0.887465775,-0.0087500494,0.0203745123,-0.849480391,0.527154028,0.124478526,-0.00347749447,0.0550713465,0.102009237,-0.281508565,0.0979245901,-0.270879894,-0.129762635,-0.0808928907,0.152771473,0.0612441674,0.16171667,-0.140858024,-0.0912382454,0.153817937,-0.106907301,0.390013456,-0.434578806,1.04867172,-0.0566114448,-0.162787467,0.0705325976,-0.865986288,-0.799262583,0.518562198,0.408133537,-0.220476091,-0.0732503831,-0.323325604
0.000412943802,0.834853709,0.887565792,-0.00872576609,0.0206003226,-0.847521722,0.530288994,0.13037385,-0.0010910962,0.0481811725,0.0908831656,-0.278881103,0.0929932222,-0.259691894,-0.130480006,-0.0935707986,0.138758719,0.0576004647,0.161050171,-0.145957112,-0.0902035311,0.151442245,-0.0956292748,0.391283721,-0.442703247,1.04654574,-0.0579662696,-0.169049397,0.0682105422,-0.867912412,-0.811259806,0.5255422,0.410164297,-0.221882716,-0.074798286,-0.319011658
0.000640745158,0.834945142,0.887612164,-0.00760801276,0.0209308099,-0.846941411,0.531219542,0.130268157,-0.000494895328,0.0446096174,0.0859048069,-0.276822299,0.0897285342,-0.257681251,-0.13079688,-0.0994836316,0.131904989,0.0569060817,0.161204398,-0.146866158,-0.090932332,0.154495344,-0.0928621292,0.39401111,-0.448826671,1.04332924,-0.061397288,-0.173718989,0.0678573847,-0.875715673,-0.81769973,0.532671273,0.4151043,-0.221309856,-0.0759625435,-0.317831516
0.000898147293,0.835308611,0.887810946,-0.00610079151,0.0216817036,-0.847031534,0.531065226,0.126084596,-0.000779991213,0.0443688445,0.0865666196,-0.275367796,0.0880008712,-0.26137653,-0.130812466,-0.0989958197,0.131353974,0.0591220669,0.16227442,-0.144032896,-0.0932506919,0.161804348,-0.0972348452,0.39766708,-0.452815115,1.03839946,-0.0646441802,-0.176617295,0.069385469,-0.887330115,-0.818091273,0.537881136,0.422995746,-0.219195887,-0.0767536163,-0.321033478
0.00242652604,0.836271524,0.887789428,-0.00445971871,0.0217796955,-0.84846282,0.528787911,0.117024362,-0.00321958307,0.0476345792,0.0914653912,-0.274473548,0.0881753936,-0.272594869,-0.130669445,-0.0920188949,0.135496601,0.0662289858,0.163516104,-0.137831405,-0.0968496799,0.172071189,-0.107556053,0.402235001,-0.4536497,1.03115404,-0.0665002912,-0.177595705,0.0730644166,-0.900951147,-0.812896311,0.540183961,0.433386177,-0.216900632,-0.0769020692,-0.327536196
0.00617037294,0.838295221,0.888547003,-0.00201927405,0.021025544,-0.851950943,0.523195386,0.103229389,-0.00351111731,0.0531308055,0.0989606902,-0.272147745,0.0893550664,-0.291749895,-0.130909964,-0.0810652599,0.139958903,0.0732841566,0.164135143,-0.12983951,-0.101192169,0.183752388,-0.120888293,0.408026785,-0.452078074,1.02177143,-0.0674224347,-0.176932022,0.0788286552,-0.91493088,-0.803560734,0.539637506,0.445306242,-0.214078143,-0.0764472634,-0.336215287
0.00663892832,0.836985648,0.888139129,-0.00284722238,0.0211190302,-0.850304246,0.525859833,0.100844577,-0.004741685,0.0554510579,0.107043296,-0.270565659,0.0895658657,-0.289368629,-0.128639102,-0.0769026354,0.145110071,0.0790851563,0.164481193,-0.125928953,-0.103664383,0.191519529,-0.126693562,0.412218779,-0.452221423,1.01203609,-0.0675468147,-0.176102132,0.0868665352,-0.924005389,-0.793488026,0.538160801,0.458178848,-0.211540416,-0.0753503889,-0.34507075
0.0096003525,0.838338077,0.888523877,-0.00255374936,0.0206129774,-0.852685571,0.522011399,0.091247797,-0.00225745793,0.057794746,0.115809038,-0.266146839,0.0905510113,-0.300266296,-0.12811175,-0.0704353005,0.147927403,0.0822981969,0.164137051,-0.121796057,-0.105844393,0.200143665,-0.133892357,0.416364998,-0.451212436,1.00355136,-0.0675801635,-0.174862951,0.0950455964,-0.932110846,-0.783094704,0.535985649,0.467800707,-0.210069224,-0.0744668692,-0.353613585
0.00974610634,0.836966574,0.888544202,-0.00340604456,0.0202637464,-0.850943446,0.524855256,0.0905245394,-0.00409061974,0.0583171062,0.123623833,-0.268201977,0.0910368115,-0.298086703,-0.12641257,-0.066865392,0.155800402,0.0893510282,0.163786203,-0.120496571,-0.106856234,0.206147492,-0.138203651,0.419236332,-0.450953603,0.997797251,-0.0675221607,-0.173431888,0.101897113,-0.936782598,-0.775270283,0.534218431,0.470924169,-0.20990701,-0.0745763704,-0.361813962
0.0132251941,0.838928401,0.889072299,-0.00184658484,0.0198399462,-0.853895783,0.520062506,0.0771081969,-0.00259023649,0.06100839,0.133240998,-0.267058253,0.0925007686,-0.317035973,-0.125215307,-0.0574215464,0.165475339,0.0938144326,0.163037851,-0.116648808,-0.108654253,0.214861885,-0.150485903,0.422774345,-0.447943658,0.996200562,-0.0681163818,-0.170705244,0.105805635,-0.943477213,-0.769809663,0.530857265,0.465253055,-0.212702692,-0.0750910789,-0.370170265
0.0140299844,0.83996141,0.888810992,-0.000144587932,0.0207248945,-0.855316699,0.517690778,0.0674498975,-0.00213734596,0.0631643906,0.141216263,-0.266080111,0.0935856849,-0.330668241,-0.122833483,-0.0495277271,0.176472396,0.0965333879,0.161875889,-0.114629276,-0.109684475,0.221296266,-0.16145134,0.424737751,-0.444868088,0.998977602,-0.0682686716,-0.167545557,0.106783725,-0.948313713,-0.768113852,0.525443733,0.452484041,-0.219266847,-0.0748480111,-0.37827301
0.0134293418,0.840238571,0.889014542,0.000864267175,0.0217704829,-0.855190754,0.517855227,0.0636243746,-0.000401962548,0.0632879212,0.145289734,-0.266047984,0.0939326733,-0.337038845,-0.121016338,-0.0452825427,0.185733825,0.096078597,0.160087407,-0.115562104,-0.109289005,0.22414875,-0.16742979,0.424305171,-0.442605466,1.00568473,-0.0671545193,-0.164689317,0.105774872,-0.948807716,-0.769751906,0.518205881,0.433729231,-0.229343757,-0.0736482069,-0.386362612
0.0123632876,0.840338051,0.889236748,0.00165603019,0.0226975139,-0.854684293,0.518649101,0.0629449189,0.00199834025,0.0619524308,0.145365223,-0.26598236,0.0933850855,-0.3400383,-0.119171955,-0.043977119,0.192124873,0.0930219889,0.158162475,-0.118448831,-0.107826278,0.224041745,-0.169099286,0.421718568,-0.441258818,1.01561594,-0.0644550025,-0.162428558,0.103879794,-0.945442379,-0.773594141,0.509330153,0.411120147,-0.241749853,-0.0712786838,-0.394596964
0.0099093942,0.840632975,0.889434278,0.0027235155,0.0242485031,-0.854913533,0.518196404,0.0646233782,0.00281532318,0.0603511259,0.142470956,-0.265417993,0.0919071361,-0.341270983,-0.117820919,-0.044547338,0.195380896,0.0885371193,0.156529814,-0.122102425,-0.10574156,0.221698657,-0.167300865,0.417212814,-0.440631986,1.02784491,-0.0606043078,-0.161011577,0.101814307,-0.939157784,-0.778570712,0.499547303,0.387146831,-0.254815996,-0.067866832,-0.402405202
0.00783791952,0.840714276,0.889572084,0.00354876951,0.0253525227,-0.855034709,0.517938435,0.0681929216,0.00455457764,0.0581850149,0.136363611,-0.264470816,0.0891360492,-0.339899719,-0.115980625,-0.047502216,0.194345325,0.0834218785,0.155007184,-0.127027154,-0.102773093,0.21696265,-0.161564171,0.411189139,-0.440103829,1.04027498,-0.0567642003,-0.160610065,0.0997106135,-0.929670751,-0.78233248,0.48973453,0.363961726,-0.264610618,-0.0644712374,-0.408536553
0.00548601197,0.840116322,0.889918447,0.00330395205,0.0265859142,-0.854059279,0.519485295,0.0763474181,0.00799503177,0.0546451844,0.12748982,-0.263152331,0.0846935064,-0.330957323,-0.114475884,-0.0546136424,0.188418493,0.0769608542,0.153470293,-0.13436982,-0.098484315,0.20970875,-0.150554374,0.404026508,-0.440793782,1.05192482,-0.0531232767,-0.161148414,0.0983810276,-0.916485667,-0.783134341,0.480626941,0.343848288,-0.27060917,-0.0612717718,-0.414003819
0.00234332425,0.838347316,0.8898983,0.0016451251,0.0278236028,-0.850373268,0.52544117,0.090057306,0.00976493116,0.0502634645,0.11686483,-0.264025986,0.0791522935,-0.312101007,-0.113107711,-0.0650167614,0.181553185,0.0733024031,0.151733533,-0.143402278,-0.0935155302,0.20099549,-0.135816872,0.396715671,-0.442780405,1.06176174,-0.0495190732,-0.162512124,0.0981699526,-0.901052773,-0.780082047,0.47341606,0.328851193,-0.273621649,-0.0584631711,-0.419230968
0.0025339697,0.839911699,0.890505314,0.00265554804,0.028312305,-0.851745009,0.523184299,0.0905570388,0.0149829928,0.0497212671,0.109914102,-0.259779572,0.0744946823,-0.313994139,-0.111944214,-0.0686389953,0.175568655,0.0667431056,0.149842769,-0.147838503,-0.0910083577,0.1971986,-0.1301516,0.392272115,-0.441741168,1.06961358,-0.0474573448,-0.163609043,0.0985009074,-0.89179951,-0.772003651,0.467538863,0.320728749,-0.273611814,-0.0565822273,-0.425163507
0.00126401125,0.838448167,0.89036274,0.00251132553,0.029100474,-0.849737167,0.526396871,0.0960371643,0.0159087796,0.0499649234,0.105073027,-0.26074177,0.0698926374,-0.305991173,-0.1085741,-0.071491085,0.173032433,0.0673557594,0.147853583,-0.151644781,-0.0893535018,0.193659335,-0.125062302,0.388690442,-0.439837188,1.07476044,-0.0467231832,-0.164958879,0.0999022946,-0.885482907,-0.760792911,0.465252757,0.320175827,-0.271116465,-0.0554550141,-0.43031913
0.00280389143,0.840318024,0.890840888,0.00390389375,0.0293369591,-0.85187906,0.522901714,0.0903177336,0.0190941729,0.0525391735,0.105781458,-0.256487846,0.066681385,-0.314263552,-0.107592657,-0.0681986809,0.171644017,0.0650027022,0.145243466,-0.150695339,-0.0897538289,0.194717839,-0.127968967,0.387230068,-0.437012792,1.07808888,-0.0472225547,-0.1661717,0.102261715,-0.885910749,-0.747492075,0.465200365,0.325996011,-0.270415395,-0.0545774437,-0.43576327
0.00240299781,0.839192092,0.890790462,0.00452843076,0.0293228608,-0.850057065,0.52585423,0.0897061378,0.0187489372,0.0544362105,0.110106245,-0.256796122,0.0635280758,-0.311080039,-0.105052844,-0.066040501,0.174641952,0.0663952082,0.142344818,-0.148939505,-0.0903151035,0.196210191,-0.132536411,0.386116505,-0.436625779,1.08055878,-0.047759518,-0.167497605,0.106601089,-0.889018893,-0.73378253,0.467328489,0.338191301,-0.271350592,-0.0534111746,-0.440662831
0.00533543667,0.841399491,0.891240895,0.00757442741,0.0289134439,-0.853005171,0.521045864,0.0743988156,0.0201621242,0.0591689646,0.12152908,-0.251939803,0.0619560294,-0.328698725,-0.104245819,-0.0568049885,0.180440426,0.0646059662,0.139045343,-0.141677171,-0.0929045156,0.204103425,-0.148597628,0.386971533,-0.435357898,1.08201015,-0.0491782948,-0.167741999,0.112756133,-0.899462879,-0.720811844,0.468978077,0.353510648,-0.273504257,-0.0521449223,-0.44629553
0.00796589255,0.842064261,0.891238511,0.0100372955,0.0281194411,-0.854243517,0.519014955,0.0597058274,0.0195778329,0.063180916,0.136358589,-0.249524757,0.0607191622,-0.342152804,-0.102606341,-0.0476040393,0.18822138,0.0653767735,0.134985968,-0.134154394,-0.0956021249,0.213675588,-0.167041659,0.387679249,-0.435444295,1.08220005,-0.0503211692,-0.167703301,0.120403163,-0.912504494,-0.709797978,0.470543146,0.370853394,-0.274315923,-0.0511941686,-0.450942814
0.00935281068,0.841999829,0.891416311,0.0110983951,0.0277267583,-0.854554772,0.518501818,0.0495569929,0.0196234304,0.0647786409,0.151894346,-0.248123214,0.0590795092,-0.348574817,-0.101767115,-0.0411876626,0.194842547,0.0654900819,0.130832732,-0.128474563,-0.0973355174,0.222475752,-0.182603881,0.387116373,-0.436923236,1.0817374,-0.0511834249,-0.168032289,0.129185885,-0.924740553,-0.700865984,0.47297591,0.386713415,-0.275002003,-0.0509207584,-0.456664115
0.0110769691,0.841657519,0.891654372,0.0116521176,0.0270222723,-0.85449791,0.51862067,0.0407838523,0.0211985968,0.0635150075,0.16684033,-0.245663166,0.0572765432,-0.352529377,-0.0997911245,-0.0366764255,0.200456291,0.0646087527,0.12679562,-0.124642923,-0.0979876518,0.230110586,-0.19465597,0.385594964,-0.438068897,1.08068264,-0.0525504202,-0.168476775,0.137469903,-0.934828222,-0.694341958,0.476658106,0.398084372,-0.275214016,-0.0517571084,-0.461899012
0.0125969118,0.841290772,0.891877651,0.0121967802,0.0265764352,-0.854720175,0.518264771,0.0327850282,0.0222207382,0.0608432665,0.180120751,-0.242830157,0.0555314533,-0.356636286,-0.0977073386,-0.0329738334,0.206093237,0.0646920428,0.122935146,-0.12247403,-0.0979224518,0.236745372,-0.204061225,0.383610427,-0.437501162,1.0791657,-0.0548260845,-0.168491498,0.144166544,-0.942637384,-0.69031024,0.480827391,0.403865069,-0.274575204,-0.0533125661,-0.466276914
0.0141280293,0.841032147,0.892152131,0.0126034226,0.026367927,-0.854465783,0.518684924,0.0254315399,0.023275597,0.0580845512,0.190785035,-0.239742965,0.0534275211,-0.360832721,-0.096389167,-0.0300370473,0.211795285,0.0656537861,0.118890725,-0.121884637,-0.0976102576,0.242585555,-0.211897567,0.381813258,-0.434919775,1.07660234,-0.0583040603,-0.167975217,0.148932755,-0.947641671,-0.68845731,0.483607382,0.404048204,-0.272629678,-0.0551934801,-0.471116453
0.0160102565,0.840916276,0.892488062,0.0131481392,0.0260717124,-0.853788912,0.519799888,0.0187961031,0.0252883807,0.0553144738,0.198851287,-0.235651985,0.0510003418,-0.364741236,-0.0948320404,-0.028157983,0.217147335,0.0659593493,0.114329539,-0.122628205,-0.0971231088,0.247887149,-0.218312144,0.380841404,-0.430942833,1.07292569,-0.062117137,-0.167316929,0.152233988,-0.95008266,-0.689078987,0.484054983,0.398661107,-0.271146238,-0.0571726337,-0.476628035
0.0172348749,0.841076016,0.89286989,0.0142781353,0.0260755904,-0.853114188,0.520876586,0.0134088565,0.0267101508,0.0526931062,0.203677952,-0.231154844,0.0485191345,-0.368401557,-0.0940365493,-0.0277688876,0.221454069,0.0655386969,0.110155657,-0.123997957,-0.0964596942,0.252673775,-0.223020539,0.380777031,-0.426471591,1.0681107,-0.0647467822,-0.16717197,0.154980287,-0.950509131,-0.69315958,0.482250512,0.388328373,-0.271794468,-0.0592095293,-0.481602043
0.0182665028,0.841353655,0.893290877,0.0157068335,0.0262689982,-0.852626562,0.521623552,0.00893235113,0.0278514437,0.0505601801,0.20512493,-0.226120979,0.0455396436,-0.372590274,-0.0934505016,-0.0285410564,0.225071177,0.0654300004,0.107506454,-0.12518467,-0.0956723988,0.257434517,-0.226250604,0.381545395,-0.422412664,1.0614419,-0.0642167255,-0.168013901,0.159155861,-0.949586034,-0.700181305,0.477370262,0.37516731,-0.271388769,-0.0622056685,-0.48473683
0.0193294268,0.841776431,0.893672645,0.0173565764,0.0267392378,-0.85185498,0.522806704,0.0045370725,0.0287969261,0.0477765687,0.203992859,-0.221460104,0.043586012,-0.375988781,-0.0932892486,-0.0294504408,0.225294247,0.0661891773,0.105811357,-0.127288997,-0.0955489278,0.262957543,-0.229084462,0.38277024,-0.41957587,1.05343115,-0.0659116805,-0.168902323,0.160168141,-0.949092209,-0.71030426,0.472951233,0.359795004,-0.272556007,-0.0638282895,-0.487428099
0.0191173982,0.842328489,0.894110143,0.0195835102,0.0279228184,-0.850968897,0.524107575,0.000900821877,0.0302366018,0.0459442027,0.200977802,-0.216685176,0.0393952467,-0.378575772,-0.0932086781,-0.0318870209,0.223993883,0.0645707175,0.10334748,-0.129325584,-0.0952874273,0.269103169,-0.230726242,0.383760184,-0.418798864,1.04523993,-0.0686914176,-0.17064473,0.161805317,-0.948899627,-0.721553147,0.466991425,0.344583154,-0.274979204,-0.0648014918,-0.492262036
0.018639449,0.842866302,0.894601047,0.0220144931,0.0299127754,-0.850177288,0.52518487,-0.00391246891,0.0319158658,0.0436248332,0.197592556,-0.212174445,0.0351984948,-0.382485181,-0.0922038853,-0.0327047333,0.221955419,0.066346541,0.101432249,-0.130871341,-0.0953095406,0.275757581,-0.232390612,0.383682549,-0.418445945,1.03510547,-0.0731541738,-0.173825011,0.164007083,-0.950164974,-0.730313659,0.46006605,0.335917473,-0.277821332,-0.0641114339,-0.499921978
0.0186008085,0.843360841,0.895129502,0.0249702465,0.0318864062,-0.849141777,0.526609898,-0.0104075493,0.0341309495,0.0418668091,0.195153341,-0.206574947,0.0318167172,-0.3881073,-0.0912656337,-0.0342923217,0.221551806,0.0683013424,0.0971065164,-0.131520286,-0.0941566229,0.28317827,-0.236386567,0.382846475,-0.418867081,1.02921581,-0.0739795193,-0.176361352,0.169504389,-0.953143656,-0.737068117,0.457478553,0.332332909,-0.286464185,-0.061459098,-0.506491661
0.017178677,0.84384948,0.895572722,0.0288153477,0.0343951769,-0.848248839,0.52769357,-0.0172948036,0.0366802104,0.0417569578,0.193391368,-0.201021343,0.0280491654,-0.392763406,-0.090097703,-0.0362396091,0.218792677,0.0652179942,0.0919879973,-0.132558107,-0.0925627947,0.291170895,-0.239602119,0.380622327,-0.421716064,1.02442467,-0.0756102204,-0.179211885,0.173082501,-0.95932287,-0.740607381,0.454775035,0.333752364,-0.291974634,-0.0595830455,-0.514356256
0.0157774985,0.84418726,0.895995975,0.0324966684,0.0371345654,-0.847218215,0.528948247,-0.025633892,0.0392007492,0.0430947095,0.193593755,-0.19608745,0.0246697869,-0.398244917,-0.0893221125,-0.0381207876,0.216845647,0.0640398636,0.087073572,-0.1329761,-0.0913573727,0.298902243,-0.245064512,0.377084821,-0.424853921,1.01945627,-0.0742143244,-0.181394756,0.178075343,-0.966090143,-0.7404598,0.453093886,0.342904687,-0.293298006,-0.0573161095,-0.524017453
0.0149771608,0.844289362,0.896249175,0.0361635201,0.0394751914,-0.846470833,0.529736757,-0.0352074951,0.0409950539,0.0444216765,0.195901453,-0.19212234,0.0215708371,-0.40448755,-0.0892162472,-0.041568432,0.21504572,0.0634540021,0.0836116374,-0.132001996,-0.0911826119,0.307386875,-0.255024463,0.372955352,-0.430559665,1.01921773,-0.0745493844,-0.182675526,0.185465261,-0.976859272,-0.740787745,0.460118681,0.35710457,-0.299404114,-0.0538676605,-0.532652676
0.0137322405,0.84420985,0.896493971,0.039753329,0.0420196243,-0.84591049,0.530178726,-0.0463960096,0.0432021804,0.0475370176,0.202687502,-0.188429475,0.0163062736,-0.411382675,-0.0886476412,-0.0437287614,0.21503152,0.0620783865,0.0805143192,-0.132450506,-0.0898203179,0.318047315,-0.265537649,0.366822243,-0.435620427,1.01640463,-0.0758360997,-0.184608862,0.194194138,-0.988523722,-0.736641943,0.463377655,0.374363631,-0.299280435,-0.0523091517,-0.545930266
0.0122157009,0.844010532,0.89657712,0.0434044711,0.0445191152,-0.84498632,0.531161189,-0.0587473847,0.0452607349,0.0498107001,0.212092295,-0.185341582,0.0141766658,-0.418171108,-0.088680625,-0.0452745296,0.215645105,0.0598260127,0.0784863532,-0.131477445,-0.0904166624,0.329736948,-0.280209154,0.359095126,-0.44090876,1.01556921,-0.0724827275,-0.185918868,0.204982549,-0.99648422,-0.728510797,0.467939883,0.392832369,-0.296152353,-0.0532799773,-0.558288634
0.0107215829,0.843625546,0.896628439,0.0465348437,0.0469029173,-0.844452202,0.531540275,-0.0698151737,0.0467953086,0.0513067618,0.22102496,-0.183384866,0.0114879701,-0.425549984,-0.0880440176,-0.0445810221,0.218030512,0.0589388758,0.0730544552,-0.128955707,-0.0914299414,0.339745045,-0.294400513,0.348778665,-0.443401664,1.01494062,-0.0756805241,-0.187171027,0.213651106,-1.00796211,-0.718931496,0.473324269,0.417871654,-0.291291416,-0.0522811376,-0.570613325
0.0101460302,0.843202174,0.89662379,0.0492668748,0.0488888547,-0.844261169,0.531418622,-0.0805857554,0.0489103533,0.0544733293,0.230035231,-0.181887239,0.0112605272,-0.434204996,-0.0865503103,-0.0427832529,0.222480744,0.0601879582,0.0709870979,-0.128699705,-0.091375649,0.349318981,-0.309443504,0.340279967,-0.447733939,1.01580989,-0.0699727684,-0.188148007,0.223523781,-1.02030301,-0.709640801,0.482625246,0.443630844,-0.290185362,-0.0532096513,-0.577650666
0.00902575348,0.842800617,0.89668709,0.0525434092,0.0517790876,-0.843057394,0.532740414,-0.0934327245,0.0509737357,0.054574877,0.238547802,-0.179828823,0.00980538223,-0.444126993,-0.0861849412,-0.0417085588,0.2279827,0.0608109981,0.0669994131,-0.126661211,-0.0918393135,0.360463202,-0.324347287,0.332707554,-0.452985883,1.01689208,-0.0644532517,-0.18872416,0.234416947,-1.03479433,-0.702392876,0.49215582,0.468502432,-0.285972357,-0.0550410599,-0.585103869
0.00867864303,0.842442751,0.896741688,0.0551356301,0.0535625294,-0.842674971,0.532907128,-0.104700372,0.0520856604,0.0561338216,0.247952953,-0.177564889,0.00740743615,-0.453477055,-0.0857175291,-0.0397143252,0.23402454,0.0622596368,0.064861998,-0.125567243,-0.0912933126,0.371641308,-0.33764419,0.323786706,-0.454535127,1.02103436,-0.0605578721,-0.187573835,0.245291725,-1.04822743,-0.693814874,0.493642122,0.493365079,-0.277419418,-0.0534294806,-0.596339405
0.00715874415,0.842305064,0.89682436,0.0576096177,0.0559801497,-0.842201829,0.533144832,-0.112947874,0.0546711832,0.0587425865,0.253773481,-0.176104888,0.006449576,-0.460756809,-0.0843152106,-0.0392346494,0.238821805,0.0618205145,0.0628002137,-0.125093594,-0.0918124691,0.380242139,-0.346559078,0.317414552,-0.454447865,1.02557611,-0.0573161133,-0.186303526,0.254059076,-1.05756724,-0.687341928,0.496629655,0.51067096,-0.268385023,-0.0560985915,-0.605294585
0.00696050748,0.842292905,0.897016764,0.0596438572,0.0578771271,-0.84142226,0.533948898,-0.12044394,0.0566459596,0.0608294941,0.256464362,-0.174281925,0.00340774492,-0.467993945,-0.0838103443,-0.0392328687,0.242835894,0.0644360259,0.0613444634,-0.126451224,-0.0908428952,0.388350487,-0.353347808,0.314639717,-0.454137743,1.02648365,-0.0505169779,-0.187450811,0.262076765,-1.06610131,-0.684503913,0.497795165,0.518368006,-0.266255766,-0.0580509827,-0.616992772
0.00617195945,0.842480779,0.897231758,0.0617411099,0.0597134195,-0.840991259,0.534187257,-0.125187576,0.0584980287,0.0618113168,0.256121695,-0.172136188,0.00224445271,-0.474237025,-0.0829367787,-0.0406720638,0.246692181,0.0657005385,0.0595653243,-0.12682353,-0.0902455077,0.395129472,-0.356185853,0.314572245,-0.452820778,1.02594519,-0.0450069308,-0.189034998,0.268078089,-1.07222188,-0.687016666,0.500316083,0.515590727,-0.272447079,-0.0593678169,-0.625947416
0.00555742951,0.8428424,0.897493124,0.0637295991,0.0612755641,-0.840502024,0.534546733,-0.128637373,0.0600164011,0.0633029789,0.253453076,-0.169286206,0.000600008876,-0.478633851,-0.0824349076,-0.0420625731,0.247349724,0.0668135807,0.0584140979,-0.128388599,-0.0899572223,0.399799705,-0.356826752,0.314599514,-0.44941473,1.02427387,-0.042511452,-0.191254854,0.27394554,-1.0745846,-0.691058934,0.500288308,0.507623732,-0.276572019,-0.0620485656,-0.633744955
0.00542689534,0.843310654,0.897740185,0.0652631074,0.0624471046,-0.840334117,0.534490108,-0.129782036,0.0609843284,0.0639164671,0.247567341,-0.167127445,-0.00126640673,-0.481301606,-0.081503056,-0.0425492823,0.245021328,0.0689676106,0.059652213,-0.130757421,-0.0900504887,0.402765125,-0.356060028,0.315674663,-0.447564542,1.02187324,-0.0405551903,-0.193503499,0.275716484,-1.07570684,-0.696246982,0.497682869,0.496619552,-0.278766364,-0.0633528829,-0.641584635
0.00526649086,0.843914926,0.897976398,0.0669188946,0.0633568391,-0.84018153,0.534418106,-0.129716367,0.06160919,0.0641220436,0.23986192,-0.164347202,-0.00301910238,-0.481833667,-0.0811606571,-0.0453398675,0.239237845,0.0701608956,0.0617606379,-0.132475212,-0.0902865231,0.404556841,-0.35501188,0.317183882,-0.445241541,1.02171087,-0.0345768854,-0.195830733,0.274536431,-1.07436717,-0.706031561,0.492246926,0.480589509,-0.285191566,-0.0633609444,-0.64820236
0.00458844472,0.844609201,0.898197293,0.0695334524,0.0647898763,-0.839882255,0.534382999,-0.129720271,0.0620764382,0.0637899116,0.228845075,-0.161010772,-0.00438289996,-0.483268619,-0.0802437887,-0.0453957431,0.231721655,0.0709076226,0.0621302873,-0.133807048,-0.0889706835,0.406736881,-0.351124585,0.319966406,-0.443941057,1.01747763,-0.0283115264,-0.198841423,0.27682668,-1.07395029,-0.719417751,0.489404321,0.459346682,-0.295081168,-0.0633337721,-0.654177725
0.00423225434,0.845353246,0.898364305,0.0716763735,0.0659837052,-0.839549422,0.534476757,-0.127905667,0.0615816303,0.0633560121,0.214564621,-0.158722892,-0.00626224,-0.482900143,-0.0805642232,-0.0476779081,0.221359193,0.0719578713,0.0639092028,-0.135115504,-0.0887536034,0.408187985,-0.347272903,0.321545959,-0.442919135,1.01028478,-0.0273419656,-0.201797485,0.278333694,-1.07098031,-0.733033955,0.485518694,0.440146863,-0.304413348,-0.0613779165,-0.663335383
0.00496405084,0.846001089,0.898561597,0.0730334669,0.0663926974,-0.83871901,0.535545111,-0.126459569,0.0611772127,0.0612876303,0.202622265,-0.155421674,-0.00924865622,-0.481490493,-0.0815930143,-0.0510988943,0.212505013,0.0729616955,0.066344887,-0.136334643,-0.087077029,0.409864455,-0.345477581,0.323206216,-0.442734867,1.00368953,-0.0259333607,-0.204434976,0.276075214,-1.06797433,-0.745034873,0.478444993,0.422690362,-0.309347779,-0.0597499497,-0.667533755
0.00507575087,0.846526206,0.898760915,0.0746130273,0.0677359551,-0.837578773,0.536941886,-0.126557171,0.062090598,0.0598390587,0.192089379,-0.152766988,-0.0130784186,-0.481774598,-0.0815718845,-0.0525129251,0.205705434,0.0746029913,0.0671425834,-0.137405425,-0.0859713182,0.413663,-0.343816191,0.32571426,-0.445113331,0.995940149,-0.0286440998,-0.206583858,0.276413977,-1.06737256,-0.754043579,0.473925978,0.410793841,-0.308429539,-0.0586338528,-0.669089139
0.00440005586,0.846931279,0.898931921,0.0759349018,0.0692698881,-0.836766422,0.537826657,-0.125669643,0.0631966591,0.0603600629,0.182211578,-0.151025727,-0.0166576039,-0.481772214,-0.0813787803,-0.0543178208,0.200024486,0.0754622072,0.0671298429,-0.136939242,-0.0848057568,0.416662276,-0.341402709,0.32764563,-0.448932141,0.986746311,-0.0292640887,-0.208120525,0.276085615,-1.06717002,-0.759180486,0.470237166,0.408746392,-0.311264217,-0.0532851405,-0.673715651
0.00366959698,0.847124696,0.89897728,0.0775177106,0.0705864355,-0.836111546,0.538447797,-0.126284257,0.0639658272,0.0603355803,0.17584458,-0.149472997,-0.0186192803,-0.483224273,-0.0810578242,-0.0545471124,0.19672887,0.0757358447,0.0647155046,-0.13634558,-0.0833906159,0.418605715,-0.338276297,0.329219788,-0.451299191,0.979435265,-0.029635841,-0.21020776,0.275604963,-1.06740272,-0.763132155,0.469822168,0.410321772,-0.314324856,-0.051460661,-0.675684273
0.00333981635,0.84698993,0.89895016,0.0792522877,0.0718019903,-0.835340679,0.539230466,-0.13003175,0.0654920563,0.0602420792,0.175242558,-0.148238435,-0.0208718479,-0.486832738,-0.0801004469,-0.0534340665,0.197437868,0.0746298358,0.0608172081,-0.135283217,-0.0808242261,0.421700299,-0.336459428,0.332174063,-0.455974758,0.972774208,-0.0266548265,-0.211932883,0.27839309,-1.07105875,-0.764203548,0.471058518,0.419225156,-0.317437023,-0.0485090874,-0.680272043
0.00292303436,0.846564889,0.898887515,0.0807368457,0.0730800033,-0.834239066,0.540542364,-0.136317462,0.0672217831,0.0611902513,0.180323809,-0.147807717,-0.023338858,-0.491851091,-0.0798732266,-0.0527693592,0.202361852,0.0729897022,0.0553466156,-0.13325657,-0.0779651478,0.425602406,-0.337732702,0.333189875,-0.460855007,0.968132257,-0.020123709,-0.212287977,0.284443885,-1.07570231,-0.759301007,0.471846461,0.435719401,-0.319163859,-0.0445600376,-0.689585447
0.00226848666,0.845942378,0.898680329,0.0818065032,0.0741937459,-0.833249092,0.541755438,-0.143875197,0.0683833957,0.0628288463,0.189822584,-0.149309576,-0.025695445,-0.496591687,-0.0801074654,-0.0499556102,0.207930773,0.0702787787,0.0512038134,-0.130945146,-0.0770982578,0.431231558,-0.34208414,0.332366109,-0.465819448,0.963343084,-0.0175007209,-0.211882576,0.29139787,-1.08131754,-0.752126217,0.47611782,0.4534401,-0.317550063,-0.0422710218,-0.695410192
0.0021380377,0.845021904,0.898438632,0.0825922489,0.0749695152,-0.832527816,0.542637587,-0.152380496,0.0695119128,0.061784856,0.202659771,-0.151135206,-0.0263596028,-0.503985703,-0.079879351,-0.0475610159,0.2197209,0.068289265,0.0455272608,-0.126885384,-0.0749638602,0.437019467,-0.348494679,0.330575734,-0.468748719,0.960784614,-0.0116504347,-0.210060984,0.299678653,-1.08896399,-0.740223169,0.480584264,0.473155469,-0.314894617,-0.041614484,-0.705227375
0.00278971228,0.844020724,0.898098886,0.0831379965,0.0754091293,-0.831971824,0.543345571,-0.161276221,0.0702415779,0.061865896,0.215662643,-0.153901711,-0.0271886457,-0.511815667,-0.0800323859,-0.0448116027,0.231009811,0.0675720796,0.0410332382,-0.125047117,-0.0733280033,0.441477984,-0.357401907,0.328448564,-0.472044408,0.959882438,-0.00906164758,-0.208355904,0.307717562,-1.09720504,-0.728955209,0.487082869,0.495758295,-0.309276998,-0.0413917229,-0.712214112
0.00336093432,0.842982829,0.897773147,0.0833272561,0.0756508559,-0.831467032,0.544055283,-0.169174999,0.0717622712,0.0620507859,0.229502752,-0.156333476,-0.0284079257,-0.518992126,-0.0798399821,-0.0439053439,0.244016677,0.0658132434,0.035842523,-0.122964896,-0.0718735382,0.445610702,-0.366552502,0.326168656,-0.474348158,0.960222542,-0.00439525302,-0.206590116,0.315488279,-1.10534036,-0.715754092,0.495471299,0.518809617,-0.303893119,-0.0435238741,-0.713752329
0.00409873668,0.841955185,0.897563398,0.0832332149,0.0762728304,-0.830972135,0.544738472,-0.177354127,0.0733846128,0.0603857636,0.242854163,-0.158444732,-0.0303699337,-0.527983606,-0.0789533108,-0.0416596122,0.259826571,0.0668418631,0.0324081704,-0.123452708,-0.0711676553,0.449537516,-0.375403851,0.323897272,-0.477108985,0.96125561,-0.00116625207,-0.205164894,0.324467838,-1.11576831,-0.70424974,0.50313729,0.535259128,-0.301485151,-0.0456048995,-0.721747875
0.00404147478,0.841144681,0.897274435,0.0834474266,0.0764603987,-0.830655932,0.545161486,-0.183422655,0.0748862177,0.0588785373,0.255446225,-0.160166547,-0.0326847173,-0.533768237,-0.0782835409,-0.041569937,0.272563308,0.0628806949,0.0292543843,-0.123363666,-0.0702373162,0.4543643,-0.383590966,0.321871012,-0.479411602,0.965501487,0.00457020244,-0.203056097,0.332815826,-1.12471557,-0.694285572,0.510283947,0.549291909,-0.301546723,-0.0469240174,-0.727862954
0.00433049025,0.840540588,0.89709115,0.0833662674,0.0766088292,-0.829949558,0.546227872,-0.187721401,0.0766545385,0.0582788847,0.26378864,-0.161116347,-0.034275502,-0.538460433,-0.0776008889,-0.0400198288,0.283379465,0.0603843816,0.0243924633,-0.12570028,-0.0689406618,0.455728918,-0.389413029,0.319097519,-0.479488254,0.969958425,0.00296613597,-0.201040953,0.335441351,-1.13053572,-0.686890125,0.513822019,0.557933629,-0.295238376,-0.048315458,-0.727583349
0.00461668009,0.840126097,0.896953523,0.0835860372,0.0770193413,-0.829468369,0.546867132,-0.190187216,0.0781869888,0.0545168556,0.267228186,-0.162089199,-0.0339564644,-0.544404745,-0.0760222077,-0.0387917124,0.294921011,0.0598132536,0.0204982739,-0.127369374,-0.0670535788,0.455049306,-0.391998291,0.31829825,-0.478559643,0.974677682,0.00363593758,-0.198610142,0.337899983,-1.13578308,-0.684854388,0.51999712,0.559633672,-0.294122517,-0.0504258908,-0.724184871
0.00536894659,0.839889109,0.896959841,0.0836447179,0.0772541761,-0.828925967,0.54764688,-0.193003967,0.079622075,0.0538044237,0.270324796,-0.161774516,-0.035986796,-0.548841238,-0.0751975626,-0.0379948169,0.302782476,0.0603295267,0.0182125606,-0.129866526,-0.0656099692,0.454969585,-0.394341052,0.31809324,-0.476209551,0.976820111,0.00626824284,-0.197196618,0.33947134,-1.13822412,-0.685708821,0.523184597,0.556813896,-0.297442049,-0.0505418815,-0.72296387
0.00593509432,0.839863777,0.897001147,0.0835765451,0.0771416798,-0.82852602,0.548278034,-0.194027215,0.0805662349,0.0519067869,0.271868974,-0.161117777,-0.0379891284,-0.550688624,-0.074784115,-0.038855508,0.307469577,0.0595262833,0.0158784129,-0.132159814,-0.0641402304,0.455863625,-0.396034062,0.319701135,-0.476864845,0.977591157,0.0101509094,-0.196486622,0.339918464,-1.13936985,-0.688370049,0.524108112,0.549189568,-0.299347013,-0.0517289974,-0.723718524
0.00496208202,0.840082586,0.897111356,0.0841793939,0.0778495297,-0.827989697,0.548895538,-0.194097057,0.080967322,0.0505432039,0.270253301,-0.160123751,-0.0389341675,-0.551190853,-0.0749662369,-0.0401102453,0.308560431,0.057815019,0.0143843386,-0.133365467,-0.0628053024,0.456103504,-0.395422876,0.319780618,-0.47716862,0.976910651,0.0164538492,-0.196395785,0.336702287,-1.13712263,-0.695823491,0.523035169,0.535811782,-0.305585116,-0.0528010055,-0.722313046
0.00371153583,0.840462744,0.897224665,0.085273385,0.078793481,-0.827400267,0.549480498,-0.192768127,0.0813601166,0.0493411683,0.264133722,-0.158985317,-0.0392963439,-0.550874352,-0.075043492,-0.0413727239,0.306263447,0.055603493,0.0119614787,-0.134503648,-0.0620551445,0.455189735,-0.392767578,0.320645124,-0.477296203,0.974148095,0.0229259059,-0.197250947,0.333566546,-1.1326766,-0.705561161,0.520400882,0.516934395,-0.313234627,-0.0531614907,-0.722713828
0.00184622698,0.84095794,0.897355914,0.0871360376,0.0800959766,-0.826624215,0.550167501,-0.190781206,0.0826237425,0.0479525179,0.25550434,-0.156460017,-0.0393466316,-0.55041039,-0.0739409775,-0.0414603055,0.302812487,0.0517434925,0.00686998433,-0.135315567,-0.0605756864,0.454474121,-0.387162179,0.321560234,-0.475650072,0.971299946,0.0252733957,-0.199987382,0.327504039,-1.12637019,-0.716938853,0.518948734,0.49489519,-0.315950245,-0.0578546338,-0.713144004
0.00184864097,0.841461599,0.89741838,0.0880418122,0.0803920403,-0.826075852,0.550803483,-0.188037351,0.0813206509,0.0444167517,0.244784534,-0.15563415,-0.0389775224,-0.548557162,-0.0750579536,-0.0434437059,0.295724839,0.0512144417,0.00782976393,-0.136215761,-0.0585138947,0.451963633,-0.386044681,0.322496921,-0.478545189,0.969595075,0.0336056612,-0.201492384,0.322933048,-1.12211752,-0.727824867,0.513051331,0.478712976,-0.330957085,-0.0533912741,-0.717462182
0.00109958497,0.841973424,0.897537053,0.0890006796,0.0810888037,-0.825389802,0.551575124,-0.185692385,0.0807284489,0.0422472246,0.23546429,-0.154137701,-0.0400620811,-0.545748472,-0.0758975819,-0.0450066589,0.287685364,0.0498021506,0.00759512512,-0.13630046,-0.0578974932,0.450784326,-0.384307086,0.322339922,-0.47781834,0.965934813,0.0400129631,-0.20389019,0.321807981,-1.11251307,-0.739078283,0.506185353,0.459592938,-0.342991203,-0.052904468,-0.719201565
-0.000232861916,0.842483163,0.89759779,0.0896556973,0.081723921,-0.82453233,0.55265677,-0.182461411,0.0809441283,0.0425874256,0.227348894,-0.153506503,-0.0410599783,-0.541588008,-0.077812694,-0.0508025214,0.280916154,0.0457836986,0.0079142414,-0.136453509,-0.0568093732,0.449251205,-0.382861257,0.32147184,-0.479940206,0.965131879,0.0440549478,-0.205263436,0.318772495,-1.10185754,-0.746751726,0.498047799,0.447497487,-0.349431068,-0.0511507578,-0.71850425
-0.000579578686,0.842789292,0.897646844,0.0896006003,0.0815589353,-0.82420218,0.553182304,-0.17960234,0.0809229463,0.0432555676,0.222704574,-0.152932361,-0.0418011472,-0.537059307,-0.0789002031,-0.0546312332,0.274549991,0.0432988741,0.0072170319,-0.137074322,-0.0561134629,0.447506845,-0.38276428,0.322089583,-0.483316481,0.967179716,0.0521328524,-0.206438035,0.318775624,-1.09293509,-0.752406359,0.493566036,0.440880448,-0.359821022,-0.0486572459,-0.72207576
-0.00275723427,0.843037546,0.89763701,0.090163447,0.0823909119,-0.823886573,0.55343765,-0.176175952,0.0808904916,0.0420843959,0.217204228,-0.153352216,-0.0414721817,-0.533538163,-0.0787739605,-0.0552961342,0.27001211,0.0390214548,0.00533947954,-0.135918438,-0.054525584,0.446381986,-0.380133808,0.319523066,-0.48673439,0.969476342,0.0553975292,-0.206544325,0.317510545,-1.08383954,-0.754299819,0.488286376,0.438635498,-0.364500999,-0.045846872,-0.726854563
-0.00377793121,0.843165755,0.897615731,0.0904804394,0.0825080499,-0.823541105,0.55388242,-0.17462495,0.080615133,0.0418891646,0.214936838,-0.153092593,-0.0432421565,-0.53106463,-0.0795015097,-0.0562786013,0.267217875,0.0350483693,0.00439618854,-0.134425476,-0.0538334213,0.445336878,-0.37999922,0.318503112,-0.491882563,0.971323907,0.0558147654,-0.207090572,0.3160353,-1.07724679,-0.753397763,0.486838281,0.443590939,-0.361272186,-0.0451560095,-0.726133287
-0.00327958958,0.843110561,0.897579551,0.0905568674,0.0818367526,-0.823358059,0.554241538,-0.174967542,0.0797465965,0.0403736718,0.215876341,-0.152073473,-0.0436110757,-0.531032264,-0.0802333653,-0.0559041053,0.267883599,0.03432253,0.00307119871,-0.131282076,-0.0530609824,0.444645077,-0.382372051,0.317522764,-0.494438171,0.974532902,0.0551445223,-0.206396341,0.31574595,-1.07436001,-0.751280189,0.489256918,0.453516126,-0.358947277,-0.0445334688,-0.724764764
-0.00313208206,0.842978358,0.897689462,0.0895327553,0.0815173909,-0.82316488,0.55474174,-0.176390067,0.0795485005,0.040200226,0.222045913,-0.151926458,-0.0431295931,-0.532063603,-0.0804311112,-0.0529532731,0.273509413,0.0369908921,0.00181920989,-0.129709527,-0.0529623181,0.444921911,-0.385669947,0.315291882,-0.496748865,0.977098942,0.0548537821,-0.204204142,0.319140345,-1.07541037,-0.746632576,0.493859351,0.471352637,-0.354837745,-0.0433639251,-0.724311233
-0.00190017652,0.842800856,0.897726297,0.0882801265,0.0801365003,-0.823343456,0.554878712,-0.177634269,0.0787609145,0.0399210192,0.229607463,-0.151744694,-0.0431273617,-0.532617807,-0.0811996087,-0.0521411896,0.279189914,0.0387707241,0.000515161722,-0.126747295,-0.0528646186,0.44430536,-0.390739053,0.313989997,-0.498223156,0.982121587,0.0568948947,-0.202480435,0.324749947,-1.07957327,-0.740043342,0.501268089,0.491061658,-0.354166687,-0.0427909791,-0.724690974
-0.00138369377,0.842673123,0.897789478,0.0871474147,0.0787832215,-0.823514581,0.554997563,-0.179075137,0.0780537277,0.0404901989,0.239123061,-0.150314659,-0.044624202,-0.531328559,-0.0815913901,-0.0495084003,0.282874197,0.0381186306,-0.000216902452,-0.127258986,-0.0517339036,0.444614083,-0.393669426,0.311245829,-0.498855293,0.987778008,0.0574967675,-0.200151086,0.329475164,-1.08422339,-0.730577528,0.506714046,0.506931663,-0.350616246,-0.0450831428,-0.725800455
-3.73548974e-05,0.842559934,0.897812724,0.0851491317,0.076764904,-0.824167132,0.554621816,-0.178070515,0.0775256604,0.0399599224,0.247062221,-0.15004918,-0.0434551053,-0.529617429,-0.0815308616,-0.0481998473,0.287973225,0.0389533862,0.000714732101,-0.12782909,-0.0529762171,0.441149503,-0.396237731,0.310274601,-0.499191999,0.995051563,0.0580369495,-0.197263345,0.330557704,-1.08791304,-0.722040772,0.517334104,0.521829903,-0.347861558,-0.0460976586,-0.719534039
0.000912296062,0.842579961,0.897878587,0.0832670256,0.0747655183,-0.824687064,0.554407716,-0.174758717,0.0776849166,0.0388219804,0.25178957,-0.149217919,-0.0433475152,-0.527664483,-0.0808359683,-0.0471986867,0.294599861,0.0376659185,-0.00191486592,-0.129712552,-0.0527804382,0.437798113,-0.396591932,0.309444755,-0.49658072,1.00152123,0.0555367023,-0.194420561,0.329560906,-1.08819699,-0.715002596,0.520663202,0.5245713,-0.332266062,-0.054858841,-0.711107373
0.00384362601,0.842612624,0.89793992,0.0793559328,0.071408391,-0.825684071,0.55393976,-0.168490246,0.0756297112,0.0397299007,0.254085749,-0.151104152,-0.0405720025,-0.522051215,-0.082755588,-0.0489714183,0.296440959,0.0411881879,0.00262295757,-0.132812455,-0.055162888,0.430282921,-0.398818046,0.308090299,-0.495074153,1.00708091,0.0561717898,-0.189988047,0.326908052,-1.09095621,-0.716179729,0.521963954,0.523668647,-0.336310565,-0.0526435003,-0.710514665
0.00477985805,0.84282434,0.898048759,0.0761339664,0.0689204261,-0.826559246,0.553401709,-0.160477772,0.0745228305,0.0413461737,0.25392741,-0.152052864,-0.036167156,-0.514844537,-0.0830944777,-0.047614485,0.29616347,0.0419420749,0.00465302495,-0.134990156,-0.0572866984,0.422878325,-0.397160947,0.306051821,-0.491644949,1.0100168,0.0581018254,-0.18649435,0.317613631,-1.08991075,-0.722043574,0.522259474,0.508845329,-0.340997338,-0.0528628714,-0.702189147
0.0055669141,0.843198717,0.898142457,0.0735109895,0.0664772093,-0.827205241,0.553089857,-0.151139066,0.0739866942,0.0422143899,0.249946326,-0.152189091,-0.0334426835,-0.506845534,-0.0836191699,-0.049596779,0.294287622,0.0397228934,0.00578323752,-0.13780722,-0.0582469776,0.412922293,-0.392481685,0.305729598,-0.487735093,1.01252484,0.0583176203,-0.184303924,0.307687074,-1.08537745,-0.733787596,0.52101934,0.487428486,-0.346055329,-0.0539239533,-0.690986991
0.00709437393,0.843607962,0.898267806,0.0706941858,0.0639360696,-0.827747643,0.552945137,-0.142456681,0.0722982585,0.0412513427,0.24497509,-0.152139083,-0.0307687093,-0.498686612,-0.0844720826,-0.0494465381,0.289664358,0.0406332016,0.00817870814,-0.139959797,-0.0593579262,0.403669059,-0.388875812,0.305623114,-0.484654605,1.01074874,0.0580798909,-0.184642553,0.301355451,-1.07995892,-0.745080352,0.518416703,0.461738557,-0.351628006,-0.0557243116,-0.685951293
0.00737665035,0.844220161,0.8983832,0.0682424605,0.0614710934,-0.828236759,0.552800298,-0.132520422,0.0704733804,0.0406016819,0.239468053,-0.151356399,-0.0288942754,-0.487112254,-0.0863434672,-0.0531087629,0.281193137,0.0365557857,0.0113333603,-0.141965404,-0.0610216819,0.393924713,-0.383106261,0.306368172,-0.484308779,1.00836551,0.0583281927,-0.185506254,0.293858767,-1.07235694,-0.761066675,0.514132738,0.434006512,-0.362879485,-0.0555260591,-0.680763006
0.00814273302,0.844858766,0.898466706,0.0661244169,0.0591524243,-0.828992128,0.552178025,-0.121532828,0.0677382872,0.0391314775,0.22878477,-0.151192516,-0.025015492,-0.477023512,-0.0881848186,-0.0563549921,0.271427304,0.0359422229,0.0164959095,-0.143934757,-0.0613932386,0.383320063,-0.375093997,0.307183743,-0.48109141,1.00356555,0.0571403876,-0.186002582,0.285098851,-1.0623858,-0.780499935,0.507938266,0.399993509,-0.378336698,-0.0529373698,-0.673045337
0.00971169583,0.845517814,0.898602545,0.0634341463,0.0567687899,-0.829369724,0.552176893,-0.11077565,0.0657376498,0.0380014293,0.217896596,-0.150880128,-0.0217619687,-0.466261804,-0.0889595821,-0.0555409268,0.260112822,0.0375992879,0.019760659,-0.145785853,-0.0614765696,0.372762352,-0.367851108,0.307289749,-0.476310581,0.999010026,0.0542153232,-0.18631044,0.275904566,-1.04869127,-0.794388711,0.497026771,0.375094503,-0.385442436,-0.048911836,-0.668221176
0.0111668427,0.846227586,0.898762345,0.0609256774,0.0548358895,-0.829523087,0.552424252,-0.0995414257,0.0640923083,0.0371014066,0.20389913,-0.150899157,-0.0180453453,-0.456715673,-0.0896617472,-0.0545006432,0.249583855,0.0406270511,0.0235962085,-0.147078559,-0.0605016276,0.363306344,-0.360202819,0.3101767,-0.474945396,0.99233079,0.0539488643,-0.187653616,0.267356902,-1.03727221,-0.807201385,0.487530887,0.35222578,-0.387312591,-0.0477142148,-0.661821723
0.011260327,0.84686631,0.89886266,0.0591330752,0.0536194295,-0.830062389,0.551928103,-0.0903345495,0.0623526163,0.0365722068,0.193773568,-0.150659382,-0.0148680955,-0.447247297,-0.0897676274,-0.0521465912,0.237404794,0.0427079424,0.0269320346,-0.147449642,-0.0604539365,0.354689538,-0.351116508,0.312081933,-0.47488907,0.987140596,0.0543393828,-0.188585833,0.259376734,-1.02648556,-0.816566885,0.480285943,0.340879202,-0.390936226,-0.0442920811,-0.656328082
0.0121885911,0.847427666,0.898900151,0.0571292788,0.0520009324,-0.830087245,0.552256584,-0.0819971859,0.0605097376,0.036134012,0.184154719,-0.150939345,-0.0140239587,-0.438174456,-0.0914525762,-0.0531500764,0.226810291,0.0436617546,0.0321992673,-0.146756724,-0.0607799776,0.347047865,-0.344825834,0.314697891,-0.477058858,0.98124212,0.0518585779,-0.189467058,0.257365376,-1.01597953,-0.821508944,0.475515544,0.338706195,-0.390831202,-0.0404983722,-0.651521266
0.0123669924,0.847835898,0.898893714,0.055069115,0.0509041287,-0.830123544,0.552513361,-0.0742105767,0.059161175,0.0376343578,0.176636368,-0.152753353,-0.0133492909,-0.429991186,-0.0933157504,-0.0555061288,0.218556747,0.0451175086,0.0357560106,-0.145192027,-0.0614111945,0.339967012,-0.340597659,0.314973474,-0.481180578,0.979144692,0.045952253,-0.189078689,0.258152872,-1.00623953,-0.820716679,0.474275589,0.346365929,-0.392044336,-0.0356637016,-0.652791858
0.0116236722,0.848067164,0.898872674,0.0534818545,0.0500193164,-0.83070904,0.55186981,-0.0679812729,0.0582541451,0.0400650315,0.17403689,-0.154383898,-0.0117522087,-0.423110843,-0.0938396826,-0.0562102646,0.212980628,0.0449909568,0.0388312042,-0.141561747,-0.0617458075,0.334272325,-0.336075693,0.314982325,-0.484527141,0.980194807,0.0465808436,-0.188854069,0.2588557,-1.00144172,-0.817788064,0.479557127,0.357942373,-0.400469154,-0.0304752439,-0.651714146
0.0112834889,0.848159909,0.898854792,0.051616095,0.0488215573,-0.830854297,0.55193603,-0.0623252317,0.0577339754,0.0407947227,0.17347236,-0.155922294,-0.0110110827,-0.417532057,-0.0944977477,-0.0568707734,0.212271869,0.043748647,0.0391849242,-0.138096422,-0.0605628267,0.327559561,-0.333673954,0.313348442,-0.489172697,0.985117793,0.0443867669,-0.188023001,0.256493926,-0.997719049,-0.80979991,0.482839704,0.378249943,-0.401053935,-0.0257585496,-0.647815347
0.0107626524,0.848136783,0.898838043,0.0496245809,0.0479294509,-0.830647349,0.552508116,-0.0580913574,0.0574748404,0.041362416,0.175257862,-0.157950252,-0.0094697969,-0.41342324,-0.0957766771,-0.0586913973,0.214907855,0.0433000661,0.0387196615,-0.134229302,-0.0602119453,0.321756899,-0.333643436,0.313013017,-0.496494561,0.990049541,0.0452410094,-0.187935263,0.258021712,-0.99676317,-0.801473141,0.496475428,0.400053978,-0.404489934,-0.0253496692,-0.639879465
0.0110812047,0.847974122,0.898778319,0.0474704318,0.0461150184,-0.830638885,0.552864432,-0.0538632013,0.0579503179,0.0405399129,0.179981679,-0.159243584,-0.00908500515,-0.409425527,-0.0958902612,-0.0601792485,0.220394671,0.0404689163,0.0369903818,-0.130896762,-0.0584604591,0.316042244,-0.333507985,0.311574847,-0.500106931,1.00048041,0.0452353507,-0.187134609,0.256333292,-1.00061941,-0.791340947,0.502848983,0.423745841,-0.404296905,-0.0231065638,-0.636742473
0.0113434009,0.847728848,0.898702204,0.0451707169,0.0444680788,-0.830847561,0.552878439,-0.0498078726,0.0580209382,0.0385167636,0.185144588,-0.160987079,-0.00668084063,-0.40695411,-0.0956518501,-0.0597073622,0.228167206,0.0391470157,0.0344238803,-0.127225012,-0.0577774942,0.309098721,-0.333711386,0.3077586,-0.500182569,1.01288772,0.0395086966,-0.184862792,0.254324615,-1.00344813,-0.778935552,0.507938087,0.447068602,-0.397327542,-0.0225580335,-0.631028295
0.010720673,0.84750706,0.898674369,0.04262238,0.0427260473,-0.8313995,0.552388191,-0.0448309891,0.0584035479,0.0387827158,0.192578018,-0.16250205,-0.00587383099,-0.403821439,-0.0947252214,-0.0569135249,0.237574071,0.0361389592,0.0320587456,-0.125822082,-0.0578006394,0.301346391,-0.3310467,0.306185961,-0.500359297,1.02374005,0.0368957184,-0.181249768,0.249408439,-1.00712097,-0.769078672,0.513936222,0.463753253,-0.390425652,-0.0211204514,-0.626666486
0.0104046818,0.847294092,0.898641765,0.0392641313,0.0411028229,-0.831598103,0.552461267,-0.0399972983,0.0589166284,0.0387788191,0.200664237,-0.16532515,-0.00454927981,-0.400141597,-0.0945629627,-0.0557901897,0.24735567,0.0351876877,0.0324507803,-0.12598148,-0.0591938235,0.29345116,-0.329336494,0.305757105,-0.503502846,1.03167975,0.0376843549,-0.175211728,0.245015904,-1.010185,-0.762451112,0.518325627,0.474694759,-0.380772918,-0.0191999953,-0.620821416
0.0106168874,0.847066462,0.898657739,0.0357114561,0.0390373617,-0.832572281,0.551383853,-0.0332269743,0.0595368743,0.0381765291,0.206988022,-0.167223662,-0.00297530531,-0.39715901,-0.0926866084,-0.0528926142,0.258381009,0.0359476022,0.0329381078,-0.127088875,-0.0612831376,0.284259796,-0.324853003,0.306942463,-0.503273368,1.03998101,0.0385772027,-0.169746578,0.238942549,-1.01358473,-0.760331929,0.520558178,0.478266656,-0.374566674,-0.0173104163,-0.618305266
0.0109073808,0.846931219,0.898685396,0.0328802839,0.0375119038,-0.833650053,0.550035775,-0.027329348,0.059603855,0.0390270054,0.210015595,-0.169229373,-0.00106837344,-0.395941287,-0.0913397074,-0.0499809906,0.267455161,0.0385317989,0.0359164998,-0.128558323,-0.0628752336,0.275167823,-0.320212722,0.306818306,-0.500561237,1.04754186,0.040036466,-0.165443838,0.23357068,-1.01594424,-0.761758029,0.518888116,0.475637823,-0.367632002,-0.016315626,-0.616926193
0.00964383595,0.847002685,0.898706377,0.0298943128,0.0367001109,-0.83415401,0.549496591,-0.0191350468,0.0597383082,0.0388172716,0.210091427,-0.17204918,0.0014660497,-0.39159289,-0.0907825828,-0.0490464158,0.27347219,0.039610967,0.0372964479,-0.130209729,-0.0656698868,0.264049828,-0.31373769,0.305046469,-0.496786326,1.05291259,0.0412705839,-0.162090257,0.222813264,-1.01474786,-0.76628834,0.511256397,0.469759345,-0.357862413,-0.015460561,-0.61549592
0.00851391349,0.847173214,0.89873749,0.0277939737,0.0362898447,-0.834526539,0.549068272,-0.0112064295,0.0609178096,0.0383460112,0.206890091,-0.174386129,0.0046888045,-0.388578534,-0.0888822377,-0.0472614765,0.278873026,0.0398883708,0.0392707102,-0.134510264,-0.0671293885,0.25320524,-0.304055154,0.307744026,-0.496200979,1.05691552,0.0430980586,-0.161205828,0.215782791,-1.01572573,-0.778673172,0.507428944,0.458286047,-0.355423987,-0.0166257042,-0.61361593
0.00806092843,0.847501099,0.898679256,0.025652051,0.0352197662,-0.834356964,0.54949975,-0.0018992126,0.0608982146,0.0360427722,0.199723318,-0.176591858,0.00761442445,-0.382796168,-0.0888979137,-0.0474244654,0.279547483,0.0377335846,0.0409975499,-0.138623044,-0.0682222098,0.241928905,-0.295657516,0.309983134,-0.495120645,1.05986524,0.0429868959,-0.160178572,0.208424628,-1.01507592,-0.796363473,0.50166589,0.442427337,-0.354757011,-0.0176909268,-0.612547576
0.00807732251,0.847820759,0.898716509,0.0235657506,0.0342261419,-0.834324419,0.549705386,0.00622225553,0.0604080074,0.0327811427,0.192908317,-0.177904725,0.011115442,-0.378373086,-0.0891944915,-0.0488683023,0.281240553,0.0372684076,0.0455214009,-0.141475737,-0.0687134638,0.23052834,-0.286933005,0.313058853,-0.495205969,1.05781221,0.0433872938,-0.159017652,0.201237693,-1.01157463,-0.814868152,0.495153606,0.424425721,-0.353719085,-0.0176078584,-0.611765802
0.00623183046,0.84832871,0.898655295,0.0221515037,0.0343285017,-0.833939433,0.550341606,0.0166498907,0.0600161292,0.028130563,0.180479124,-0.180644691,0.0148009267,-0.371449143,-0.08920753,-0.0493781418,0.277471274,0.0340913236,0.0480015725,-0.143101409,-0.0691069216,0.220599413,-0.278456718,0.312608689,-0.495314628,1.058213,0.0382899158,-0.157511547,0.192536756,-1.00808585,-0.830765665,0.485801458,0.409350157,-0.356393725,-0.0124750072,-0.616187692
0.0054995534,0.848773956,0.898578465,0.0210772045,0.0340084694,-0.834451795,0.549626589,0.025688624,0.0589900203,0.0273944549,0.168366656,-0.182666376,0.0165788308,-0.365991026,-0.0890281275,-0.0491743386,0.271789551,0.0316292048,0.0539318994,-0.146702453,-0.0699701235,0.213130757,-0.271331638,0.31563586,-0.503388047,1.05636501,0.0338314883,-0.158577234,0.185869008,-1.00891817,-0.843844712,0.477268815,0.398879319,-0.35273236,-0.0115001034,-0.616335988
0.00575052015,0.849170506,0.898435414,0.0198348965,0.0326918811,-0.83516109,0.548674583,0.0338931642,0.0559651963,0.0291252565,0.15768747,-0.183299497,0.0189739112,-0.359348685,-0.0913273245,-0.0504922271,0.262271523,0.0319057666,0.0582206883,-0.145332068,-0.0724968612,0.205244035,-0.267760515,0.314689159,-0.501238704,1.05604172,0.029086113,-0.160274446,0.176343426,-1.00614822,-0.855852067,0.47121045,0.389939249,-0.353300065,-0.0107285287,-0.611899197
0.00613544276,0.849504769,0.898343921,0.0185678117,0.0317867585,-0.835479558,0.548287094,0.041165594,0.0532516129,0.0311228111,0.146810174,-0.184078217,0.0215432458,-0.354581416,-0.0938492343,-0.0518930666,0.255226135,0.035520602,0.065104492,-0.144282132,-0.0742595494,0.199053496,-0.264979094,0.314239889,-0.500672758,1.05364907,0.0255817939,-0.161997601,0.170768872,-1.00345635,-0.863693655,0.466121435,0.384399891,-0.353864521,-0.0081404373,-0.612184703
0.00574031333,0.849864602,0.898169339,0.0179144759,0.0311341695,-0.835879445,0.547736466,0.0475539044,0.0509554893,0.0324438512,0.137862399,-0.185087562,0.0220670775,-0.347892582,-0.0959956348,-0.0547129028,0.244558498,0.0342803225,0.0686356947,-0.143077582,-0.074774839,0.193810195,-0.262975663,0.313126326,-0.50417161,1.05549574,0.0221860558,-0.162504002,0.165083975,-1.00156832,-0.865606964,0.458493203,0.384309858,-0.346540779,-0.00741532259,-0.611903369
0.00589368539,0.849984527,0.89799279,0.0171149783,0.0307271816,-0.836648583,0.546609581,0.0516816191,0.0486990288,0.0338148288,0.131885961,-0.186647475,0.0255590305,-0.343621075,-0.0970660895,-0.0553164184,0.235422045,0.0379878618,0.07255961,-0.140235975,-0.0767000616,0.189998507,-0.262200087,0.313200891,-0.50698179,1.05537653,0.0188873503,-0.163398013,0.164856002,-0.998916209,-0.865829527,0.457214683,0.391938508,-0.345075548,-0.00386566529,-0.613877237
0.00624188548,0.850028574,0.897771955,0.016505098,0.0297874324,-0.83722192,0.545801938,0.0549801327,0.0460408367,0.035450235,0.12803407,-0.187314183,0.028353177,-0.339209229,-0.0992064252,-0.0572163388,0.227193296,0.0394856595,0.0749643967,-0.136410415,-0.0780676678,0.18651922,-0.261568755,0.312874526,-0.507508218,1.05516505,0.0157437343,-0.164240465,0.162864819,-0.997360229,-0.861576021,0.457490891,0.401578158,-0.341158718,-0.00212197029,-0.612916887
0.00586668542,0.850008488,0.897498369,0.0160395894,0.0292367004,-0.837510467,0.545402765,0.0580385402,0.0443935879,0.0366374999,0.12564601,-0.18900694,0.0305709559,-0.334607184,-0.101045176,-0.060682036,0.220623806,0.0381146595,0.0765525773,-0.132873833,-0.0790491253,0.183412284,-0.260645419,0.312699467,-0.509322226,1.05662763,0.0118357642,-0.164940313,0.161161587,-0.997701287,-0.85352248,0.457873732,0.417087168,-0.333374202,-0.00131051824,-0.611850977
0.005515642,0.849864423,0.897273123,0.0153183602,0.0286247078,-0.837238252,0.545873702,0.0599432141,0.0427093096,0.0361896642,0.125704542,-0.190545842,0.0340748616,-0.330440223,-0.103261948,-0.0627819002,0.216650054,0.0370151959,0.0756135806,-0.129253581,-0.0796760693,0.180601448,-0.260381639,0.313034981,-0.510667145,1.05792081,0.00791138969,-0.165030718,0.160403237,-0.998491049,-0.845451534,0.461824715,0.435446709,-0.329134464,0.000879494764,-0.608265281
0.00500841113,0.8496418,0.897019982,0.0143378126,0.0278819147,-0.837216794,0.545971692,0.0631632954,0.0420231447,0.0371978208,0.126134083,-0.192715034,0.0372117348,-0.326785117,-0.104630642,-0.0656904504,0.216281608,0.0340245105,0.0749285817,-0.125255629,-0.0802786201,0.176716164,-0.258838117,0.314472914,-0.510531127,1.0609442,0.00447368668,-0.163732797,0.160711542,-1.00133538,-0.837422192,0.46774295,0.454567403,-0.326933086,0.004741068,-0.604481399
0.00620308565,0.849299073,0.896737039,0.0121225342,0.026344575,-0.836389363,0.547368169,0.0657908842,0.0425055474,0.0378620662,0.129303873,-0.196505502,0.0373395942,-0.323054105,-0.106628269,-0.0705392957,0.219795898,0.0317529365,0.0751998201,-0.12378069,-0.0812794268,0.17363511,-0.260969967,0.318084866,-0.510142922,1.06640959,0.00143049622,-0.161637053,0.162441537,-1.00381029,-0.832767129,0.474641979,0.467902243,-0.327302158,0.00651209522,-0.602447093
0.00630987948,0.848934472,0.896631956,0.0100124208,0.0259196721,-0.835867167,0.548228025,0.0684022009,0.0444194786,0.0360715836,0.133097947,-0.200216055,0.0394879505,-0.322557747,-0.105251983,-0.0684734806,0.228950262,0.0315997042,0.0723908097,-0.124358952,-0.0808178782,0.171324864,-0.259256899,0.32270667,-0.50818795,1.07007551,6.7934352e-06,-0.159257278,0.163044706,-1.00628304,-0.827905834,0.479569018,0.475354373,-0.325389475,0.00617310405,-0.599733949
0.00509197963,0.848621309,0.896530986,0.00863698497,0.0255172905,-0.836445332,0.547387838,0.0715053827,0.0451312177,0.0368271098,0.138028145,-0.202789217,0.0411388315,-0.322184592,-0.104415558,-0.068900153,0.237770185,0.0286277626,0.0718998238,-0.123664625,-0.0804312453,0.168575346,-0.254396558,0.327277392,-0.503625154,1.07533872,0.00293973042,-0.155791491,0.163742423,-1.00650311,-0.824379742,0.482013792,0.477680594,-0.328014314,0.00759905903,-0.598017097
0.00466215052,0.848289013,0.896469653,0.00657007052,0.024736084,-0.837289393,0.546160638,0.0746368915,0.0451833941,0.0384158008,0.143506661,-0.20540975,0.0437777825,-0.322474301,-0.103758015,-0.0679686069,0.247458056,0.0295223873,0.0733017251,-0.123789489,-0.0812488645,0.165205985,-0.249080583,0.332697928,-0.497302383,1.08001471,0.00724194804,-0.152031839,0.163687035,-1.00535178,-0.823768675,0.486720681,0.475038201,-0.336057216,0.0111848526,-0.596227884
0.00411663018,0.848076701,0.896384299,0.00461632852,0.0238715336,-0.838472843,0.544400752,0.0791463181,0.0437667407,0.0379021764,0.145973176,-0.207790777,0.0474322587,-0.322623104,-0.103726707,-0.0672950745,0.255765826,0.0308790039,0.0754790902,-0.122609518,-0.0811478123,0.16121839,-0.242427543,0.336944848,-0.48957929,1.08440804,0.0109090339,-0.14804855,0.163503364,-1.00349879,-0.8205266,0.48514086,0.469290346,-0.335148573,0.0124633638,-0.594593108
0.00309896935,0.847964287,0.896355629,0.00343664968,0.0236228444,-0.839208543,0.543285489,0.0823673233,0.0434542969,0.039975334,0.147877187,-0.209695548,0.048993092,-0.323196322,-0.103572994,-0.0668306798,0.262844592,0.0314725786,0.0770376325,-0.123789832,-0.0817198306,0.157011852,-0.232434481,0.342675,-0.480473012,1.08912158,0.0125597669,-0.144208074,0.159589648,-1.00173569,-0.823347688,0.484231025,0.45209983,-0.336658388,0.0119490642,-0.588387251
0.000936341181,0.8479653,0.896296442,0.00279797125,0.0241743885,-0.839792013,0.542362571,0.085269995,0.0426520929,0.0419325978,0.148201361,-0.211787,0.0506577566,-0.321783483,-0.103407972,-0.0648580566,0.264018267,0.0309402328,0.079159759,-0.125769556,-0.0822177753,0.152740151,-0.221535236,0.346628547,-0.473683476,1.09511411,0.0166410003,-0.140963674,0.15416719,-1.00124657,-0.831395209,0.478077561,0.434078246,-0.343294233,0.0152711077,-0.589451671
0.000311997341,0.848003268,0.896145403,0.00190652744,0.0236687083,-0.839983881,0.542091548,0.0878902748,0.0410329439,0.0415474176,0.148291543,-0.213568285,0.0523961186,-0.319180846,-0.105182476,-0.066863358,0.26357457,0.030040931,0.0816245452,-0.127307728,-0.0830093846,0.14759244,-0.212198421,0.350161493,-0.468017071,1.10110903,0.01759471,-0.139993489,0.151021302,-1.00305343,-0.840404153,0.471204281,0.414025217,-0.348677367,0.0166030806,-0.591207862
0.00146723562,0.84788841,0.895893097,0.000639740319,0.0226667393,-0.840316832,0.541621149,0.090093188,0.0385798924,0.0411291942,0.145397827,-0.215993732,0.0549472943,-0.317926764,-0.106832646,-0.0674026012,0.261070281,0.033816833,0.08631818,-0.12708813,-0.0845334828,0.143848076,-0.205783695,0.352057844,-0.46513024,1.10692048,0.0206388924,-0.139496475,0.148237482,-1.00440884,-0.850412965,0.462591261,0.395325005,-0.353358626,0.0193269663,-0.597699106
0.00122445764,0.848044932,0.895672321,-0.000149814907,0.022565281,-0.841421068,0.539908648,0.0940370113,0.0346645042,0.0428400673,0.140017956,-0.218722805,0.0572117791,-0.316431284,-0.10940773,-0.0681848302,0.256867886,0.0387052707,0.0925928056,-0.12579526,-0.0865924433,0.140192375,-0.199984744,0.352621108,-0.463365763,1.11198151,0.0246697571,-0.139546528,0.145385474,-1.00529587,-0.86071825,0.454136819,0.377729952,-0.358496249,0.0223669447,-0.605408847
0.000771100749,0.848173559,0.895400047,-0.000630362018,0.0225130059,-0.842674851,0.537951589,0.0981870815,0.0313083269,0.0458362624,0.132410333,-0.221329778,0.0586289652,-0.314977407,-0.111301541,-0.0697411448,0.25016579,0.0425696336,0.0990931392,-0.124127455,-0.0887450725,0.136075005,-0.193981156,0.352324665,-0.461994082,1.11616647,0.0289652161,-0.139990449,0.143146023,-1.00607264,-0.870365083,0.447235852,0.361609012,-0.363807291,0.0254554022,-0.612977505
0.000408354012,0.848426104,0.895051658,-0.000154532579,0.0223727971,-0.843747258,0.536274195,0.102479793,0.0291551743,0.0484618843,0.123821497,-0.223015845,0.0591140129,-0.311875194,-0.112886094,-0.0745617002,0.240132421,0.0430554114,0.105681926,-0.122608796,-0.0902934894,0.130984157,-0.187051326,0.351200044,-0.461687893,1.11990535,0.0334268399,-0.140805811,0.141579121,-1.0064857,-0.87908715,0.44240433,0.34736836,-0.369361252,0.0282682888,-0.619694471
-0.000237568325,0.84823513,0.894550204,-0.000415790331,0.0223516766,-0.844594955,0.534938931,0.108870141,0.0269416235,0.0487764925,0.113645807,-0.225850761,0.0590562858,-0.304388672,-0.115014352,-0.0839805976,0.225313425,0.0423294306,0.112076081,-0.122473478,-0.090603523,0.123569913,-0.177560419,0.348178923,-0.462947607,1.12341118,0.0375605263,-0.141908616,0.140832096,-1.00561047,-0.88644135,0.440137982,0.337046206,-0.373719692,0.031000657,-0.624435365
-0.00111694995,0.846441388,0.894233644,-0.00195488916,0.0226392858,-0.843778372,0.536210477,0.120137066,0.0270762797,0.0453481264,0.101243913,-0.230549544,0.0581725799,-0.287140399,-0.115547799,-0.0997398794,0.204963669,0.0410665981,0.118079081,-0.12525858,-0.0887245163,0.112735368,-0.163287565,0.342653304,-0.466400445,1.12657261,0.0414861292,-0.143299758,0.141923234,-1.00324094,-0.892304897,0.440726548,0.331810087,-0.376226753,0.0339763574,-0.627316713
-0.00368859782,0.843452513,0.893517613,-0.00421369122,0.0239579827,-0.840658009,0.541019738,0.133626983,0.0272964258,0.0390653722,0.0874713138,-0.234230757,0.0570497774,-0.262556076,-0.116024569,-0.118178897,0.180377111,0.0417354442,0.122996837,-0.130209282,-0.0850487947,0.100434944,-0.145841345,0.335314393,-0.471077502,1.12984467,0.0454744026,-0.144778877,0.144845068,-1.00075591,-0.896639526,0.443811595,0.33082068,-0.378282607,0.0377760306,-0.629266918
-0.00435214257,0.842733085,0.893203139,-0.00521550281,0.0237685945,-0.839893997,0.542204678,0.14187853,0.0280662831,0.0359814316,0.0778899491,-0.235373378,0.0563575812,-0.248395249,-0.116986752,-0.132413626,0.161881477,0.0399528816,0.126390249,-0.133186027,-0.0825368762,0.0918009505,-0.133366555,0.330104321,-0.473872125,1.13355267,0.0471316539,-0.145680994,0.146725923,-1.00217819,-0.89758569,0.449505687,0.332756609,-0.380465269,0.041049432,-0.630032539
-0.00441845553,0.842628896,0.892877162,-0.00549372379,0.0232214164,-0.84025228,0.541670263,0.145974562,0.0275271386,0.0370208584,0.0726065785,-0.236251995,0.0559784323,-0.242577597,-0.118022867,-0.141970307,0.152668864,0.0382383429,0.128424808,-0.133894041,-0.0813291892,0.0862433389,-0.126595274,0.32770732,-0.474966198,1.13774109,0.0462522432,-0.145824626,0.146724105,-1.00780177,-0.895370185,0.458122373,0.338185728,-0.382160962,0.0432173871,-0.628605068
-0.00413333811,0.842557192,0.892706633,-0.005411305,0.0226300359,-0.840682805,0.541027725,0.148218364,0.0278733429,0.0403828397,0.070959799,-0.236638293,0.055798471,-0.240442678,-0.118421599,-0.148095399,0.150160268,0.0362961702,0.129086405,-0.133307889,-0.0809869841,0.082082577,-0.12336728,0.327356905,-0.475120395,1.14221573,0.0436546654,-0.145155728,0.145582497,-1.01601088,-0.89075619,0.469686091,0.347566187,-0.38194558,0.0439782813,-0.624015868
-0.00362112699,0.842322469,0.892649174,-0.00600772817,0.0217901375,-0.840724051,0.540991783,0.149312869,0.0282624997,0.0439850613,0.072248891,-0.236920565,0.0564712733,-0.239908382,-0.118935198,-0.150237635,0.152447045,0.0352300033,0.128596634,-0.131357387,-0.0809874758,0.0787251592,-0.122699812,0.32761696,-0.474772781,1.14670396,0.0407979488,-0.143664584,0.145337567,-1.02532136,-0.884910583,0.483076513,0.361349344,-0.380528867,0.0442291088,-0.617058992
-0.00352916797,0.842131793,0.892682731,-0.00679474976,0.0209904034,-0.841286957,0.540138423,0.149453327,0.0274202563,0.0478362031,0.0772191882,-0.236687601,0.0585303567,-0.242193252,-0.119538911,-0.146936193,0.160368577,0.0351916775,0.127368808,-0.127297252,-0.0817645863,0.0772080272,-0.124821432,0.32821396,-0.474024802,1.15115297,0.038721431,-0.141353592,0.146120861,-1.0353967,-0.878366232,0.496497571,0.377583444,-0.378185093,0.044922851,-0.610289335
-0.00293589453,0.842947125,0.892780662,-0.00686493982,0.0194299053,-0.842760324,0.537894368,0.146219537,0.0249605346,0.0532338992,0.086523816,-0.234999865,0.0621624887,-0.251424342,-0.120383672,-0.136894479,0.176387653,0.0354154333,0.125459716,-0.119997419,-0.0839609802,0.0791422576,-0.131994531,0.329878986,-0.47216478,1.15582979,0.0368029959,-0.138114765,0.146665514,-1.04621613,-0.871707857,0.508078754,0.393289775,-0.375859857,0.0458958,-0.605005801
-0.000790777849,0.846513152,0.893067718,-0.00620992947,0.0163817573,-0.847282231,0.530853987,0.137222871,0.0209399424,0.0601388775,0.0994523987,-0.231773451,0.0672864988,-0.273071408,-0.123336978,-0.119657189,0.198279932,0.0350347422,0.122783668,-0.109567828,-0.0877855197,0.0852581337,-0.145096362,0.332934767,-0.46889323,1.16039324,0.035132207,-0.134162128,0.145999357,-1.05744886,-0.865968287,0.516232371,0.406651527,-0.375764817,0.0476307049,-0.601704657
-0.000845557835,0.847291112,0.892980993,-0.00603486272,0.0148479333,-0.849104881,0.527981102,0.132726327,0.0163788628,0.0636029989,0.110464722,-0.232295021,0.0722380131,-0.285328269,-0.124781594,-0.10568592,0.217763066,0.0348483473,0.119854316,-0.101561777,-0.0900105685,0.0889955536,-0.155726627,0.334108949,-0.467285514,1.16464996,0.0336879939,-0.130160868,0.144500643,-1.06609309,-0.863071799,0.521478474,0.418162584,-0.376059473,0.0506226607,-0.599037051
-0.0015520606,0.847116292,0.893023133,-0.00708123296,0.0140368184,-0.848804832,0.528472483,0.132176682,0.0155843459,0.0628932193,0.118656695,-0.233481079,0.0762298778,-0.28819263,-0.125253081,-0.0971019641,0.231099352,0.0319628902,0.116852209,-0.0973556191,-0.0895548537,0.0891548693,-0.161100551,0.332876474,-0.467594534,1.16846681,0.031977009,-0.126702607,0.142678693,-1.07151771,-0.86338222,0.524521828,0.426805735,-0.376691073,0.0544307008,-0.596908987
-0.00321993977,0.846952796,0.893021166,-0.0087229358,0.0138748549,-0.848486543,0.528963089,0.134755865,0.0152305504,0.0610001273,0.124341421,-0.23509258,0.0791134611,-0.286447197,-0.125280052,-0.0920692384,0.23937282,0.0284349136,0.115154162,-0.0964303166,-0.0876977295,0.0864932239,-0.161498755,0.33040753,-0.467972308,1.17130125,0.0289834514,-0.124515444,0.140138894,-1.07584906,-0.866828918,0.526619196,0.43174988,-0.37824738,0.0579386763,-0.594811499
-0.00461238716,0.846723855,0.892915547,-0.0104780458,0.0134092197,-0.848414302,0.529059112,0.138456002,0.0146838846,0.0598595776,0.126900598,-0.237444967,0.0808367953,-0.284022003,-0.125444889,-0.0895142779,0.244478554,0.026487492,0.115434833,-0.0972469151,-0.0856391191,0.0818732604,-0.15907751,0.328072339,-0.467271537,1.17279637,0.0258303005,-0.123513579,0.136922702,-1.08131659,-0.872979105,0.527900338,0.43243134,-0.379879713,0.0605256632,-0.593555391
-0.00612067059,0.846648753,0.89286834,-0.0116941733,0.013346198,-0.848615527,0.528712392,0.14223671,0.0137096168,0.0598793179,0.127363712,-0.238805607,0.0819342658,-0.281650692,-0.126139566,-0.0890298188,0.247317657,0.0247299541,0.117658854,-0.0984510481,-0.0837193802,0.0762534812,-0.155493885,0.326752365,-0.466233492,1.17269886,0.023090668,-0.123384118,0.133615986,-1.08965385,-0.881657004,0.527781725,0.428078622,-0.382338732,0.0628653169,-0.595208943
-0.00791738834,0.846619427,0.89272666,-0.0126502365,0.0132050905,-0.849037528,0.528015912,0.14630799,0.0115159648,0.0604553893,0.126358688,-0.239599347,0.0836218968,-0.279366672,-0.127827778,-0.0891777426,0.248644084,0.0241385344,0.120941602,-0.0988804922,-0.0822362676,0.0712585896,-0.152561501,0.326982796,-0.465656817,1.17033851,0.0203727987,-0.123986058,0.130443484,-1.10059059,-0.892878413,0.527680457,0.417901307,-0.38674137,0.0649295896,-0.599301159
-0.00955842249,0.846717834,0.892625272,-0.0136570465,0.0128752356,-0.849283457,0.527603388,0.150691167,0.008564163,0.061261151,0.124762505,-0.240126282,0.0855714157,-0.276453912,-0.130465105,-0.0891263261,0.248890832,0.0246462226,0.124677166,-0.0980445594,-0.081087999,0.0676093027,-0.15155977,0.328221768,-0.464968562,1.16581833,0.0164226182,-0.125129431,0.128540039,-1.11243713,-0.904524863,0.527729392,0.403910011,-0.392625481,0.0670027062,-0.606074154
-0.0100823985,0.846829236,0.892515719,-0.0148452744,0.0117324134,-0.849300385,0.527570724,0.154422775,0.00566091109,0.0617288537,0.123078048,-0.240110397,0.0871047601,-0.27289474,-0.133133069,-0.089149192,0.247133404,0.0257941745,0.128819317,-0.0964992344,-0.0802223757,0.0652948692,-0.152582258,0.330203801,-0.464351475,1.15969956,0.0120020024,-0.126566052,0.128634125,-1.12364376,-0.914614856,0.527883887,0.388775259,-0.399643898,0.0698662475,-0.615707457
-0.0109822648,0.847069204,0.892311156,-0.0158633888,0.0111466693,-0.849172711,0.527759254,0.157886431,0.00117520359,0.0620005503,0.120397091,-0.240465447,0.08750882,-0.26838693,-0.137590945,-0.0902000144,0.241850525,0.0279005431,0.133045927,-0.094947286,-0.0793509334,0.0632968396,-0.154355109,0.332303971,-0.464163095,1.15271759,0.00837428216,-0.127945691,0.130006745,-1.13317096,-0.922348261,0.527611673,0.375240177,-0.406310201,0.0739989504,-0.627196431
-0.0106144184,0.847123384,0.892153621,-0.0168104712,0.0100273415,-0.848883629,0.528217256,0.161325723,-0.0012783464,0.0608071499,0.116098776,-0.240605935,0.086656183,-0.261939377,-0.140314192,-0.0939272642,0.232076004,0.0294002704,0.136656672,-0.0945499763,-0.0777738318,0.0600748844,-0.154924303,0.334401757,-0.46563831,1.14589655,0.00670476537,-0.12904419,0.131560266,-1.14119911,-0.9286111,0.528466582,0.364792824,-0.412512153,0.0784701928,-0.636910498
-0.0110591212,0.846437156,0.892068684,-0.018208025,0.0100004151,-0.847557902,0.530296206,0.167167947,-0.00192074967,0.0576613098,0.109266631,-0.241932169,0.0847146958,-0.249743968,-0.142883867,-0.102575459,0.216923818,0.0305242259,0.139889151,-0.0959906429,-0.0748033598,0.0539667085,-0.151936948,0.335240483,-0.468992442,1.1392976,0.005951514,-0.13036491,0.132938147,-1.14782822,-0.934525371,0.531609476,0.35825929,-0.418173313,0.0828647166,-0.642371476
-0.0127022574,0.844110131,0.891539991,-0.0194484629,0.0112809511,-0.843888819,0.536046803,0.175297752,-0.00140684342,0.0529900789,0.101006955,-0.243994728,0.0823358595,-0.230150253,-0.142657354,-0.115967102,0.198827282,0.0318371877,0.14305155,-0.0991611406,-0.070399262,0.0452807844,-0.145080045,0.334546417,-0.473930925,1.13303506,0.0060054902,-0.132168993,0.134595662,-1.15371466,-0.939757884,0.53745389,0.35657227,-0.423207104,0.0874113142,-0.643457949
-0.01141336,0.845116436,0.891673505,-0.0209880527,0.00949211977,-0.845124364,0.534073174,0.179010525,-0.00247185025,0.0504797548,0.0970327035,-0.243079484,0.0811727345,-0.223675296,-0.147013798,-0.123324461,0.184517041,0.0300672073,0.145669222,-0.0997872576,-0.0678121746,0.0411091261,-0.142026111,0.33469069,-0.477728009,1.12760365,0.00605380535,-0.133905962,0.135616601,-1.1616025,-0.941668451,0.543613255,0.359387189,-0.427408338,0.0919188112,-0.643556952
-0.0126982108,0.842789412,0.891056478,-0.0216178391,0.0105137546,-0.842162848,0.53868717,0.185589492,-0.00200568303,0.0460257716,0.0900137201,-0.246444583,0.0796471015,-0.208038002,-0.145701632,-0.134653896,0.169876814,0.0304581262,0.147815183,-0.102449998,-0.0641247183,0.0336736739,-0.136182472,0.333749145,-0.48287484,1.12303352,0.00632089283,-0.135778755,0.136583358,-1.17018855,-0.942143261,0.551171124,0.367265582,-0.429791838,0.0958350897,-0.641766071
-0.0125462795,0.841687143,0.890863776,-0.0226211455,0.0107516702,-0.840692163,0.540933788,0.189655825,5.41419977e-05,0.0430145934,0.0854249746,-0.248521432,0.0792799741,-0.198824435,-0.145600468,-0.142580107,0.159739479,0.0299405847,0.149269104,-0.103660256,-0.0613242947,0.028550813,-0.132674426,0.332997084,-0.486387789,1.11962271,0.00608590106,-0.137095645,0.137343884,-1.17919898,-0.940461338,0.559615076,0.377162665,-0.431520134,0.0984925032,-0.639519453
-0.0124807535,0.841532707,0.890668988,-0.0231439937,0.0109030344,-0.84019345,0.541682959,0.190542102,-0.000119051234,0.0428224169,0.0841050148,-0.25039193,0.080360122,-0.197092131,-0.146521896,-0.144718528,0.157952577,0.030876657,0.149564713,-0.102098636,-0.0600336418,0.0272539761,-0.133758307,0.332982093,-0.488129765,1.11821306,0.00513256714,-0.137230322,0.137127921,-1.18859065,-0.936574399,0.567438841,0.387666762,-0.431832135,0.0998184606,-0.637712657
-0.0115354294,0.842306316,0.89052099,-0.0230088495,0.010033777,-0.840995371,0.540459692,0.188331246,-0.0016155215,0.0455116853,0.0868319348,-0.25084576,0.0828950405,-0.202762023,-0.147092119,-0.140556276,0.164146543,0.0316033848,0.148562744,-0.0975756198,-0.0602883808,0.0298458617,-0.139715061,0.334355712,-0.488567889,1.11978829,0.00361690414,-0.135942876,0.135464057,-1.19890523,-0.930441499,0.574165344,0.398649096,-0.43086797,0.100442834,-0.636513889
-0.00921608321,0.844440877,0.890826643,-0.0232525263,0.0077099395,-0.844147563,0.535550892,0.184232369,-0.00303123123,0.0501088798,0.0935180709,-0.249643072,0.0864470825,-0.214991584,-0.149400771,-0.131354362,0.175340161,0.0309679396,0.14660871,-0.0908440873,-0.0616838299,0.0354060493,-0.149473578,0.336708099,-0.487948865,1.12428796,0.00164623058,-0.133571967,0.132833853,-1.21034265,-0.92252934,0.579574883,0.410485476,-0.428569198,0.100715064,-0.636015892
-0.00929957442,0.843242168,0.890443802,-0.0230635069,0.00767796068,-0.843005776,0.537355006,0.182889506,-0.00320513081,0.0529935621,0.0991328061,-0.251620948,0.0891694501,-0.216979876,-0.14618811,-0.126012251,0.18608278,0.0324175023,0.144778922,-0.0866922438,-0.061924357,0.0377928242,-0.156620711,0.338131338,-0.488764137,1.13010764,0.000698759744,-0.130891934,0.131056771,-1.22173452,-0.9148646,0.585211456,0.423832387,-0.424567908,0.100680612,-0.635400057
-0.00693584606,0.84537673,0.890733957,-0.0241086129,0.00495500956,-0.84612149,0.532421529,0.178186968,-0.0051753791,0.058322113,0.110141851,-0.250961006,0.0925682113,-0.229838535,-0.14903383,-0.115063071,0.201151311,0.0325189978,0.143122688,-0.0807001591,-0.0636943281,0.0446019098,-0.167533576,0.340132207,-0.487954885,1.13578033,0.00025488442,-0.127971455,0.12972939,-1.23325849,-0.906825602,0.589031219,0.436683536,-0.420866579,0.100622557,-0.637022495
-0.00562024256,0.846037567,0.890609324,-0.0247156136,0.00286864396,-0.847776711,0.529769301,0.17517896,-0.00786413439,0.0623574033,0.119979896,-0.251966864,0.0957247242,-0.238354623,-0.149529368,-0.106285624,0.21568346,0.0336986557,0.142067969,-0.0763204098,-0.0652499199,0.0499735326,-0.176937863,0.341775119,-0.487371683,1.14002228,-0.000303661043,-0.125654489,0.128244966,-1.24451494,-0.901136756,0.592229903,0.447994918,-0.41888392,0.100582175,-0.639465034
-0.00528382044,0.845906854,0.890543818,-0.0257539265,0.00186110381,-0.848094881,0.529214859,0.174775138,-0.00863920804,0.0643689185,0.126503676,-0.253340006,0.097939156,-0.241466478,-0.149956971,-0.10156703,0.225704789,0.0341669992,0.141909361,-0.0745965317,-0.0653368458,0.0520886034,-0.181957334,0.342213064,-0.487337887,1.14196968,-0.00135635445,-0.124213047,0.12668778,-1.25465596,-0.897840977,0.594436824,0.456137806,-0.417460322,0.100730784,-0.643349171
-0.00589407189,0.845756173,0.890494704,-0.0270623825,0.00140049704,-0.848178506,0.529016852,0.177055344,-0.00917986687,0.0651809275,0.129880205,-0.254557818,0.0989341959,-0.241182998,-0.150538191,-0.0998011306,0.232444704,0.0338597856,0.142598987,-0.0748905167,-0.0640728399,0.0512100905,-0.18249622,0.341801465,-0.487671256,1.14175344,-0.00288943807,-0.123450398,0.125058666,-1.26412845,-0.896470964,0.595248878,0.460296512,-0.415912837,0.101352789,-0.649186254
-0.00658780662,0.845658898,0.890456021,-0.0285675768,0.000773989363,-0.848069787,0.529113352,0.181007922,-0.00925836898,0.0652646348,0.130616114,-0.255732626,0.0988724232,-0.239553675,-0.151025996,-0.0992872417,0.238122106,0.032990925,0.143523321,-0.0763640702,-0.0619936921,0.047884807,-0.180051848,0.341356397,-0.488361537,1.14040613,-0.00474819029,-0.123347715,0.123365372,-1.27395678,-0.8970384,0.594961405,0.461073697,-0.416245669,0.102989845,-0.656889379
-0.00752048707,0.845611155,0.890516281,-0.0300016496,0.000538171211,-0.847554684,0.529859126,0.185101569,-0.00856125541,0.0644335449,0.129729331,-0.256595254,0.0978024602,-0.237687096,-0.151071742,-0.0989909023,0.243771791,0.0310440529,0.143803447,-0.0784136578,-0.0596304908,0.0430520736,-0.176345363,0.341300249,-0.489595264,1.13924575,-0.00601077592,-0.123673253,0.122448176,-1.28473675,-0.899492025,0.594294548,0.459841758,-0.419338048,0.105799347,-0.665568531
-0.00908520631,0.845800996,0.890649617,-0.0307597406,0.000723401143,-0.846875131,0.530900955,0.189556584,-0.00792217534,0.0636219829,0.128371909,-0.256447852,0.0954843089,-0.235501498,-0.151783019,-0.0994732752,0.249188557,0.027978329,0.143736258,-0.080629833,-0.0570652075,0.0373102427,-0.172501147,0.341622025,-0.491724372,1.13909543,-0.00537649961,-0.124204218,0.122914426,-1.29608738,-0.902130365,0.594013274,0.458760113,-0.42434153,0.10960836,-0.674682021
-0.00956468284,0.845906377,0.890841961,-0.031843815,0.000138321659,-0.846223772,0.531875253,0.193729803,-0.00719428156,0.0629553124,0.126145527,-0.255681932,0.0927391946,-0.233478546,-0.152157739,-0.100379862,0.253966063,0.026685873,0.14441289,-0.0831625238,-0.0543925352,0.0312447567,-0.169399962,0.342242867,-0.494484186,1.1396538,-0.00366737507,-0.125387266,0.123497076,-1.30727577,-0.903760731,0.595505357,0.458347499,-0.430477828,0.113151833,-0.683689117
-0.0101459492,0.84612906,0.890943587,-0.0327875167,-0.000314130215,-0.846231341,0.531805813,0.197992772,-0.0078231208,0.0634476691,0.123327717,-0.254144549,0.0920505598,-0.231136769,-0.153072521,-0.10162814,0.254942328,0.0281505361,0.146162912,-0.0861499906,-0.0514278151,0.0258230846,-0.167158797,0.341913283,-0.495520771,1.14067578,-0.00447271671,-0.126831934,0.122636519,-1.31691802,-0.904007375,0.598913908,0.45645085,-0.433631212,0.113915652,-0.688388288
-0.0122385407,0.846595228,0.891047597,-0.0333727486,-7.54271896e-05,-0.845969796,0.532185435,0.202707157,-0.00855158176,0.0658301041,0.11945878,-0.253172219,0.089177981,-0.226573244,-0.154498115,-0.102931418,0.252180755,0.0273600873,0.149706602,-0.0898164511,-0.0486029312,0.0206138976,-0.163337097,0.34038499,-0.494498253,1.13930285,-0.00683035096,-0.130291253,0.12393716,-1.32542562,-0.906767905,0.603115439,0.451192588,-0.442360312,0.115182556,-0.692902446
-0.0136134308,0.8470366,0.891296148,-0.0345771015,-5.15910542e-05,-0.84653908,0.531202376,0.207800731,-0.00903545693,0.0680085495,0.116329417,-0.250933081,0.0873145312,-0.223059699,-0.154536963,-0.104545504,0.251224548,0.0292852186,0.155720606,-0.0926204175,-0.0455481522,0.014708004,-0.159722552,0.339537412,-0.496633172,1.13820136,-0.00333432178,-0.134538412,0.12682426,-1.33243906,-0.908183932,0.60706073,0.450935662,-0.44898656,0.118100829,-0.69719559
-0.0144203305,0.847425759,0.891447663,-0.0355536602,-5.35595136e-05,-0.846851349,0.530639887,0.2109835,-0.0107190087,0.0671917275,0.113607742,-0.249333382,0.086121656,-0.219816566,-0.154919088,-0.102787852,0.246963799,0.0339767188,0.158159688,-0.0949580893,-0.0435663797,0.0102649666,-0.157978192,0.337157786,-0.498261094,1.13928175,-0.000839326589,-0.138166994,0.127872303,-1.33896959,-0.911159933,0.612267613,0.452094525,-0.449633867,0.117489181,-0.696843982
-0.0141880605,0.847745299,0.89150089,-0.0359636731,-0.00051690964,-0.846319735,0.53145957,0.212373361,-0.0110086035,0.0677666515,0.112154603,-0.248802945,0.0843965113,-0.216424972,-0.156492382,-0.106498741,0.243253678,0.03448762,0.161142826,-0.0966793299,-0.0407034494,0.00610471331,-0.157691851,0.336327821,-0.501532435,1.14009261,0.00329698343,-0.142860487,0.132572368,-1.34721303,-0.914585412,0.61662221,0.455422074,-0.462336391,0.121282637,-0.701764107
-0.0149569781,0.848024607,0.891433179,-0.0358875915,-0.000718075491,-0.846522391,0.531141579,0.214177087,-0.0130896,0.0678589791,0.109571964,-0.248029694,0.0808532536,-0.212173298,-0.157716781,-0.106461108,0.234674156,0.0340310037,0.163585618,-0.0967402905,-0.0391810052,0.00356448931,-0.156740502,0.333438903,-0.505470514,1.14054894,0.00515950006,-0.146245182,0.130599722,-1.35410726,-0.913544595,0.618865669,0.45998013,-0.455616027,0.119689673,-0.701667011
-0.0137175582,0.848056972,0.891405344,-0.0365240574,-0.00186329265,-0.846468866,0.531180799,0.21415998,-0.0146361711,0.0684904829,0.110349178,-0.247160897,0.0791503042,-0.209283978,-0.159179747,-0.106753156,0.229330912,0.0363795534,0.166962698,-0.0968278944,-0.0386485904,0.000445708836,-0.158539057,0.333761841,-0.510471582,1.14129758,0.00999805983,-0.149554163,0.134720862,-1.36019373,-0.911165059,0.623849213,0.468227476,-0.454246134,0.119120099,-0.702128887
-0.0128537808,0.84797734,0.891266346,-0.0371585749,-0.00265237526,-0.846753001,0.530680299,0.214393228,-0.0164437629,0.0685263723,0.110702626,-0.247545928,0.0794106871,-0.207040265,-0.160114676,-0.105836682,0.223951787,0.039688237,0.170660123,-0.0969010666,-0.0380761921,-0.00152873283,-0.160129979,0.332427263,-0.5131405,1.14312077,0.0152205816,-0.151305929,0.140471593,-1.36607516,-0.906676888,0.627506018,0.477562696,-0.449183792,0.117463738,-0.69932729
-0.012233329,0.847786546,0.89107126,-0.0374395177,-0.00317709777,-0.846726358,0.530700207,0.21473287,-0.0168537907,0.0670603365,0.111059733,-0.248879373,0.0799118206,-0.205668792,-0.160522193,-0.106726408,0.222084194,0.038933631,0.170924917,-0.09653496,-0.0376532972,-0.00219858345,-0.161055982,0.331687212,-0.512632012,1.14472592,0.012581096,-0.152083278,0.141336903,-1.3721664,-0.904273152,0.630260706,0.482022494,-0.445627034,0.116553165,-0.697978318
-0.0120475553,0.847403944,0.890905023,-0.0384040177,-0.00333798258,-0.84643662,0.531092286,0.215378582,-0.0165461116,0.0629786626,0.113509208,-0.251426935,0.0827051103,-0.205871657,-0.160174951,-0.105622806,0.226774365,0.0390747562,0.168610841,-0.094457671,-0.0364067815,-0.0010124438,-0.163167506,0.330031693,-0.512178719,1.14531803,0.00668067485,-0.152312428,0.138748437,-1.3771075,-0.90350157,0.628786325,0.488546729,-0.447116703,0.121080592,-0.705107868
-0.0109761842,0.84685725,0.890794098,-0.039624691,-0.00438681664,-0.84657979,0.530766726,0.214559421,-0.0165804494,0.0619042367,0.120153107,-0.252764612,0.0845019594,-0.206880048,-0.160190001,-0.104520246,0.233179018,0.0391200036,0.16684702,-0.0927181914,-0.0367988572,0.000573699246,-0.166065618,0.330841005,-0.509407997,1.14655471,-0.00092006661,-0.152659133,0.139498711,-1.38209009,-0.901720107,0.631851733,0.495019078,-0.449430376,0.122706912,-0.705993593
-0.0102391103,0.846215725,0.890592098,-0.0403946117,-0.0047538178,-0.846922815,0.530157924,0.212933034,-0.0158022791,0.0589935407,0.127002507,-0.255892992,0.0874528363,-0.209545091,-0.158773601,-0.102726206,0.240885735,0.0383297056,0.163905129,-0.0927085578,-0.0367670655,0.00373594789,-0.167983085,0.332459092,-0.507525027,1.14780986,-0.0102012623,-0.152200297,0.139857158,-1.38973475,-0.899993777,0.634644628,0.49881044,-0.451771379,0.123328246,-0.708528697
-0.00982767157,0.845532358,0.890577734,-0.0410730392,-0.00463005574,-0.847065985,0.52987808,0.21172753,-0.0132907778,0.0551159307,0.133371174,-0.258290231,0.0886558145,-0.215220422,-0.156125277,-0.100399397,0.256263882,0.0370112322,0.161080256,-0.0912909806,-0.0351134054,0.00800971128,-0.170203522,0.334088415,-0.502433002,1.14745545,-0.0173227061,-0.150369316,0.140337273,-1.39443636,-0.898813426,0.631983042,0.497602433,-0.452080786,0.12504971,-0.7181288
-0.00971883163,0.844956875,0.890621483,-0.0414447524,-0.00437800866,-0.847130477,0.529748142,0.209527746,-0.0106334053,0.0531604961,0.141058415,-0.259518981,0.0892337337,-0.22074303,-0.153061926,-0.0954282805,0.270498693,0.0351773724,0.156633735,-0.0915344879,-0.0350957774,0.0148791727,-0.172324806,0.338425785,-0.498159975,1.14356768,-0.023326451,-0.14936921,0.138832599,-1.39688337,-0.901084661,0.629105031,0.494245857,-0.46082595,0.128069401,-0.729592085
-0.00952835754,0.844599903,0.890687346,-0.0420658477,-0.0040487675,-0.847254097,0.529504061,0.20710434,-0.00916350074,0.0528609902,0.147610098,-0.261139452,0.0894473493,-0.22610788,-0.15163444,-0.0928173289,0.282492727,0.0374846756,0.156557217,-0.093320623,-0.0346265882,0.0206450801,-0.175776377,0.340698063,-0.492588103,1.13964665,-0.0264156144,-0.147260129,0.139324158,-1.39278555,-0.90336287,0.624610424,0.487547457,-0.465021998,0.129329324,-0.736377478
-0.00897074863,0.844359696,0.890818894,-0.042692136,-0.00351548288,-0.847295225,0.529391944,0.204782277,-0.00739144254,0.0524098538,0.152043477,-0.262215406,0.0898956507,-0.23117657,-0.15006271,-0.0911055282,0.292253494,0.0421082452,0.157660037,-0.0963066667,-0.0340931229,0.0258069113,-0.178862438,0.343202084,-0.48773706,1.13590062,-0.0285290163,-0.14431186,0.140274823,-1.38612056,-0.907032907,0.619366586,0.476169676,-0.463360935,0.128744483,-0.739320457
-0.00863850676,0.844292819,0.890998304,-0.0429146923,-0.00295276148,-0.847752631,0.528644621,0.202914923,-0.0065452829,0.0535798892,0.154308483,-0.26189968,0.090395771,-0.236167714,-0.148709744,-0.0889281183,0.299227506,0.0479528569,0.160450414,-0.0995484442,-0.0335202515,0.0314181373,-0.17911759,0.346857697,-0.482884169,1.12981534,-0.0281052366,-0.143779129,0.141188607,-1.38051224,-0.914405584,0.615480185,0.459380746,-0.468855798,0.127924293,-0.742842257
-0.00939762313,0.844508231,0.891183853,-0.042323485,-0.0014737664,-0.847929835,0.52841419,0.201530218,-0.0053698495,0.0555130579,0.152737036,-0.262189984,0.0899262577,-0.240386888,-0.148039743,-0.08970052,0.302971601,0.0522999465,0.163266659,-0.103152372,-0.0319391154,0.0353874192,-0.178384468,0.347039372,-0.477926046,1.12731493,-0.0251354538,-0.141130224,0.141807556,-1.37196541,-0.922026932,0.607209146,0.440286756,-0.468429267,0.126118839,-0.744201243
-0.00996938068,0.844836056,0.891370416,-0.0411484912,4.83395706e-05,-0.848387957,0.527773321,0.199756771,-0.00448705629,0.0576791875,0.149261743,-0.261616826,0.0898689479,-0.244177431,-0.147004128,-0.0903469548,0.302629113,0.0557685532,0.166085035,-0.105938323,-0.031468261,0.0387830362,-0.176611841,0.347967416,-0.473089308,1.12529111,-0.0233765859,-0.141018301,0.141594857,-1.36373174,-0.932066023,0.600658238,0.420460582,-0.472421139,0.12496084,-0.745351076
-0.00993148703,0.845226169,0.891637981,-0.0405731052,0.00108284259,-0.84831214,0.527938604,0.198142394,-0.00425166031,0.0604042448,0.145732343,-0.26026237,0.0878353864,-0.246373162,-0.147386536,-0.0910427421,0.300630242,0.0614218861,0.169361636,-0.108673871,-0.0308069233,0.0417073965,-0.176955774,0.34821707,-0.471065551,1.12302184,-0.0159000922,-0.142482653,0.142310396,-1.35542154,-0.93933928,0.591576517,0.40754661,-0.475617617,0.125276834,-0.748823225
-0.0107022887,0.845815122,0.891903222,-0.03943979,0.00284080207,-0.848154247,0.528271556,0.196863875,-0.0038581416,0.0613738708,0.139588639,-0.259206951,0.086096622,-0.247886717,-0.147430271,-0.092611149,0.295909941,0.0660580397,0.17376563,-0.11045891,-0.0310900733,0.0455141328,-0.177051634,0.346428901,-0.467125028,1.12215686,-0.0161369704,-0.142729446,0.143103436,-1.34645581,-0.948252261,0.581481993,0.393196553,-0.473103613,0.124895833,-0.75187546
-0.0113018919,0.846416175,0.892215908,-0.0382360034,0.00427678553,-0.848166943,0.528329968,0.194811821,-0.00450817076,0.0615217686,0.134585023,-0.256527185,0.0842035636,-0.248544291,-0.147493437,-0.0920150876,0.288419694,0.0710513815,0.177502602,-0.111903332,-0.0316845849,0.0493466556,-0.177341774,0.34506315,-0.465514898,1.12087297,-0.0135928905,-0.144198805,0.145151958,-1.33926356,-0.954846323,0.571234643,0.382907599,-0.470075279,0.124436513,-0.756242335
-0.0108113158,0.847017467,0.892429948,-0.0368891619,0.00499456236,-0.848224342,0.528327227,0.192897111,-0.00583784888,0.0611422546,0.12812449,-0.253993392,0.0819553062,-0.249070972,-0.148566619,-0.0938059241,0.279237986,0.0764385313,0.18135561,-0.110791914,-0.0337573215,0.0525863357,-0.179733738,0.34496966,-0.464568019,1.1208725,-0.010659202,-0.145844683,0.145399913,-1.33260989,-0.959837377,0.564068079,0.37621969,-0.467123419,0.124243021,-0.759294391
-0.0107931867,0.847607315,0.89266336,-0.0357730463,0.00549041061,-0.848432183,0.528065324,0.191338971,-0.00741521176,0.0611086152,0.123730756,-0.250567436,0.0810026005,-0.247762442,-0.149512216,-0.0949489027,0.269034415,0.079862155,0.185306713,-0.108290195,-0.0357816741,0.0559364855,-0.181865901,0.344382524,-0.465486616,1.12063003,-0.0106294388,-0.147854418,0.147189245,-1.32817292,-0.961544693,0.556700945,0.376420856,-0.46302405,0.125544921,-0.761086226
-0.0102635026,0.848131478,0.892764628,-0.0345101207,0.0055815368,-0.848644555,0.527807117,0.189494327,-0.00961956568,0.0612361729,0.119172432,-0.247890413,0.0792919546,-0.246114329,-0.151141971,-0.0967718661,0.257128388,0.0825319812,0.187018722,-0.104260951,-0.0386295132,0.0598114282,-0.184825391,0.344456911,-0.466612071,1.11992848,-0.0120066069,-0.150550008,0.149613276,-1.32611859,-0.96177417,0.552237689,0.381640881,-0.457369596,0.126150087,-0.7625283
-0.00920486078,0.848525226,0.892873347,-0.0335110724,0.00561257917,-0.848757327,0.527689755,0.186292022,-0.0114498548,0.0600890294,0.117002346,-0.245496258,0.0783269629,-0.244790852,-0.152056634,-0.0968937129,0.245585695,0.0864215791,0.187719628,-0.100148693,-0.0422412083,0.0640728772,-0.18856968,0.345705569,-0.469555974,1.1174351,-0.0135030942,-0.15251033,0.150007889,-1.3252008,-0.961055815,0.552129745,0.39003399,-0.455293417,0.126781896,-0.759896874
-0.00714542065,0.848769784,0.892989337,-0.0329457298,0.00488447538,-0.849106252,0.527171016,0.183235794,-0.0134163303,0.0582537577,0.11611928,-0.242595196,0.0791444033,-0.244439393,-0.15293695,-0.0975261107,0.237147212,0.0912997201,0.189021364,-0.094999969,-0.0463155471,0.0691437423,-0.193327338,0.349027395,-0.471906036,1.11528325,-0.0165243279,-0.154530555,0.155779824,-1.3261162,-0.957643688,0.555197537,0.401240647,-0.453125775,0.126691565,-0.758464515
-0.00663786428,0.849047482,0.893003583,-0.0318249725,0.00510092732,-0.848630786,0.528002739,0.181141391,-0.0147515032,0.0567311458,0.112617314,-0.241374284,0.0785378069,-0.243522838,-0.154636919,-0.0992314294,0.229157895,0.092912592,0.189005464,-0.0891405791,-0.0494637936,0.0743890554,-0.197840393,0.349161863,-0.472799718,1.1142298,-0.0223711375,-0.155043155,0.156336874,-1.32538629,-0.955132127,0.555264294,0.412811756,-0.444970101,0.124385931,-0.755747974
-0.00502714654,0.849100053,0.892937601,-0.0308071934,0.00491130166,-0.848884702,0.527656615,0.177426279,-0.0163089093,0.0546567105,0.111785308,-0.240469858,0.0801546425,-0.245208263,-0.155347347,-0.0998440534,0.223357007,0.0968448594,0.188957661,-0.0836084262,-0.0533953719,0.0804570094,-0.200568154,0.351194471,-0.472103179,1.11321533,-0.0296983197,-0.156988919,0.161935106,-1.32489324,-0.952829719,0.557295918,0.424529374,-0.443961769,0.122302823,-0.757884979
-0.00305015175,0.849002659,0.892995656,-0.0302288271,0.00483249407,-0.849793851,0.526225448,0.172729477,-0.0160751492,0.0528064966,0.11518345,-0.240049452,0.0823597685,-0.249267012,-0.153056055,-0.0970001966,0.222788543,0.101236433,0.188648432,-0.0794186667,-0.0567760654,0.0880040228,-0.200348198,0.353322148,-0.469795823,1.11497104,-0.0305388439,-0.157070354,0.168131635,-1.32461691,-0.94796747,0.559813261,0.433768302,-0.439231843,0.117101721,-0.753686368
-0.00287958351,0.84891206,0.893190563,-0.0295223594,0.00582604017,-0.850834072,0.524572074,0.168838143,-0.0138303656,0.051726386,0.119683668,-0.23936829,0.0843875334,-0.253675938,-0.14864701,-0.0920205861,0.225874707,0.101654671,0.187467217,-0.0772125348,-0.0586016998,0.0947472155,-0.195611194,0.353230119,-0.468036592,1.11937523,-0.0316581726,-0.155202463,0.169890255,-1.32386231,-0.944380939,0.558427095,0.438474804,-0.431277364,0.110656142,-0.747840106
-0.00272318791,0.848767459,0.893350899,-0.0291846301,0.00709422072,-0.852134407,0.522460401,0.166020319,-0.0116078928,0.0536756068,0.122220285,-0.239620909,0.0849471837,-0.260425359,-0.143919766,-0.0854345709,0.231998533,0.106411569,0.188212305,-0.0770642236,-0.0605459586,0.102387831,-0.189958274,0.351043433,-0.466304988,1.12449718,-0.0326226987,-0.152786463,0.170032635,-1.3195461,-0.938968062,0.553961039,0.439290881,-0.422121942,0.105546013,-0.750247061
-0.00101371366,0.848634958,0.893436372,-0.0284830779,0.00701542804,-0.8529917,0.521099448,0.163263619,-0.0084115155,0.0545383207,0.125204265,-0.239240184,0.0863964409,-0.265260637,-0.139754459,-0.0826497674,0.237218082,0.104071081,0.183700219,-0.0764838532,-0.0616982579,0.106094316,-0.184728324,0.350100368,-0.463066667,1.13536584,-0.0328804143,-0.14936769,0.166132033,-1.31268513,-0.935620129,0.553228378,0.439002305,-0.419196934,0.102300063,-0.739873409
-0.00200158218,0.848630846,0.893634737,-0.0274115428,0.00838429295,-0.85361594,0.520113528,0.162137181,-0.00520900916,0.054712262,0.125979289,-0.238159612,0.0880033597,-0.269417107,-0.135620967,-0.0792502984,0.24299103,0.100887351,0.180449396,-0.0791495442,-0.061475832,0.109820925,-0.179174736,0.345747113,-0.460034221,1.146034,-0.0309218559,-0.145648867,0.160781309,-1.30340517,-0.937528074,0.547086835,0.43058607,-0.421106786,0.100558363,-0.735812962
-0.0026897653,0.848662078,0.89385277,-0.0264836587,0.00971069466,-0.854248345,0.519099295,0.160449922,-0.00311598578,0.0565330759,0.126039088,-0.23718743,0.0874479637,-0.27473712,-0.133003369,-0.0773476288,0.248997882,0.101382256,0.179042652,-0.080888398,-0.0617161244,0.111965291,-0.175109774,0.341874093,-0.454635799,1.15369356,-0.0283574183,-0.142942309,0.160235763,-1.28953767,-0.940005481,0.538293362,0.422200561,-0.417976081,0.0984269977,-0.734412491
-0.00272168894,0.848783374,0.89407748,-0.0257929135,0.0108325547,-0.854516566,0.518670261,0.159593716,-0.000181796699,0.0571012534,0.12443579,-0.236787155,0.0863658562,-0.27908209,-0.12966089,-0.0747571886,0.254143119,0.101426534,0.177102834,-0.0831517428,-0.0611185245,0.112030193,-0.171741426,0.337991059,-0.447792947,1.16302311,-0.0256555472,-0.139860451,0.159530357,-1.27415395,-0.940551639,0.52777195,0.414676398,-0.415393651,0.0979094431,-0.730744541
-0.00325342198,0.848989367,0.894378304,-0.0252016857,0.0122386701,-0.854913354,0.518013775,0.159188673,0.00256983703,0.0584768206,0.122434467,-0.235820517,0.0845125839,-0.283525914,-0.12647815,-0.0723772794,0.259488583,0.103140324,0.176678672,-0.0869125053,-0.0611047409,0.113269679,-0.167991295,0.335829973,-0.441983968,1.16920948,-0.0233820491,-0.138562307,0.160426617,-1.2586062,-0.942167103,0.515809834,0.405744493,-0.412552685,0.0980431065,-0.731759489
-0.00463799713,0.849358737,0.894761443,-0.0242334381,0.0141603462,-0.854875803,0.518072963,0.159167901,0.00512700994,0.0601900443,0.118037708,-0.234111428,0.0826105699,-0.287286729,-0.124631636,-0.0724138245,0.263483316,0.104621619,0.17601271,-0.0895957202,-0.0619433224,0.113561362,-0.16491124,0.333030075,-0.435200691,1.17452216,-0.0235560313,-0.13874577,0.156872004,-1.24084067,-0.945537686,0.501763105,0.396276563,-0.407524973,0.0967099667,-0.730839372
-0.00562356785,0.849814773,0.895126045,-0.0226274785,0.0156742446,-0.855156958,0.517637849,0.158062816,0.00689480687,0.0613490567,0.113879941,-0.231180713,0.0800371543,-0.290460497,-0.122824997,-0.0723989904,0.263761908,0.104240693,0.175373733,-0.0932533965,-0.0626768172,0.113776781,-0.160509855,0.333206564,-0.430475891,1.17812502,-0.0210302509,-0.139449447,0.156118482,-1.2242223,-0.94963336,0.490243345,0.382644445,-0.403284937,0.0920112059,-0.726687014
-0.00700956071,0.850438654,0.895423114,-0.019941343,0.0174942799,-0.855176508,0.517657638,0.156881213,0.00919656735,0.061966937,0.107532106,-0.228228733,0.075817138,-0.292615622,-0.121084623,-0.0744240209,0.260578513,0.0998039693,0.172453403,-0.0957962945,-0.0636225343,0.114636838,-0.154889062,0.334113896,-0.426818997,1.18060017,-0.0229114573,-0.141411155,0.153759643,-1.20939624,-0.955052555,0.477836996,0.367343217,-0.40266785,0.0875336379,-0.726453304
-0.00744125713,0.851070404,0.895729899,-0.0177009348,0.0189126041,-0.855191648,0.517664194,0.155457497,0.0108127408,0.0627175644,0.100731231,-0.224851087,0.0724864081,-0.294403225,-0.120049089,-0.0779041499,0.255711824,0.0986831337,0.171395168,-0.0981402099,-0.0649927109,0.115624405,-0.15172033,0.335608393,-0.424945831,1.18270075,-0.0224926788,-0.143952414,0.15201059,-1.19542754,-0.959424615,0.46782124,0.357298285,-0.407375515,0.0868607685,-0.728841603
-0.00745131308,0.851679683,0.896013618,-0.0152108204,0.0197317824,-0.855532646,0.517149091,0.1525639,0.0110439016,0.0624583848,0.0964180604,-0.220268294,0.0687766969,-0.295069605,-0.119153239,-0.0794265419,0.246883973,0.097461313,0.169928685,-0.0988870785,-0.0667738691,0.117238283,-0.149397165,0.337184936,-0.424153447,1.1844877,-0.0214678347,-0.14623493,0.152575433,-1.18287516,-0.959193289,0.458331376,0.352358907,-0.40635848,0.0852904692,-0.728933096
-0.00684745749,0.852263927,0.896346986,-0.0127729764,0.0201994441,-0.855647147,0.517007589,0.148293525,0.01189721,0.0635624379,0.0947377682,-0.215603754,0.0648563057,-0.295385957,-0.118321665,-0.0816749334,0.238221809,0.0950054005,0.166603923,-0.0978282541,-0.0690266266,0.119566076,-0.149460524,0.338935941,-0.424130917,1.18651485,-0.0206873491,-0.148968071,0.154058874,-1.17426455,-0.959447682,0.451147437,0.349626392,-0.409475207,0.083965525,-0.730767846
-0.00488967961,0.852606952,0.896665633,-0.0108881705,0.0204776358,-0.855663717,0.517012298,0.142339155,0.0120856296,0.0598789118,0.0941165462,-0.211835086,0.061672397,-0.298053652,-0.117315859,-0.0818628073,0.231768236,0.098076731,0.165173292,-0.0958749577,-0.0712263212,0.122634806,-0.15196009,0.340370387,-0.425101966,1.18512702,-0.0185251161,-0.153254896,0.157642484,-1.16697788,-0.956860483,0.445897013,0.349660665,-0.410590053,0.0815476254,-0.735041022
-0.00317665678,0.852879643,0.896841109,-0.00802352373,0.0206741393,-0.855533481,0.517272353,0.13525863,0.0134375375,0.0584798381,0.0954648331,-0.208262593,0.0589200482,-0.300266981,-0.116474234,-0.0851458758,0.224762917,0.095366396,0.16231519,-0.0942690894,-0.0738321915,0.126525417,-0.153554022,0.343181342,-0.428557247,1.18413329,-0.0145952161,-0.157336608,0.160383955,-1.16262722,-0.955472469,0.445059001,0.350034505,-0.415947467,0.079362832,-0.735952437
-0.00168640423,0.852990448,0.896995306,-0.00614120439,0.0213108677,-0.854786038,0.518506408,0.12929891,0.0149383731,0.0548299626,0.0960790217,-0.206945434,0.0566209741,-0.303846836,-0.116307214,-0.0885151103,0.223312587,0.0963171721,0.158976808,-0.0929181576,-0.075475961,0.131764084,-0.158490881,0.342008561,-0.429862678,1.18348932,-0.016006304,-0.159707293,0.161710605,-1.15871644,-0.952139556,0.443873703,0.353999257,-0.416644096,0.0780374929,-0.735206664
0.00184773328,0.85287559,0.897061884,-0.00376624917,0.020689141,-0.854939222,0.518301785,0.121348269,0.0166945644,0.0539245009,0.0991707742,-0.204714149,0.0536405817,-0.309522986,-0.114786878,-0.0907766297,0.222377107,0.094882533,0.156966418,-0.090465486,-0.0769243911,0.136595964,-0.164008781,0.343765974,-0.432830513,1.18008554,-0.0145494109,-0.162249282,0.165304273,-1.158113,-0.944647133,0.447620541,0.35727793,-0.412459016,0.0731819049,-0.730409801
0.00434126472,0.852643192,0.896965086,-0.000969152083,0.020928191,-0.854882181,0.518398941,0.114851125,0.0202382822,0.0553234443,0.0998039842,-0.20364581,0.0516648516,-0.314233273,-0.111940555,-0.0930935293,0.220031425,0.0907096043,0.152887389,-0.0900007859,-0.0778979361,0.141083091,-0.166675717,0.345568806,-0.433422744,1.17468166,-0.0148224067,-0.165869981,0.167840466,-1.16126347,-0.939063251,0.450863004,0.363437116,-0.419888139,0.0716920942,-0.732114732
0.00726243993,0.852298498,0.897046864,-0.000167300968,0.020648228,-0.854405642,0.519196153,0.110938989,0.0237726849,0.0537034646,0.101188913,-0.202472702,0.0526864566,-0.31941238,-0.109836631,-0.0955969766,0.226196259,0.0907592103,0.14865464,-0.0896264017,-0.07714995,0.146025926,-0.172635287,0.346972615,-0.436165929,1.17077112,-0.017941637,-0.16694583,0.167408839,-1.1617825,-0.930107415,0.453613847,0.378124356,-0.42069307,0.0746097937,-0.729220867
0.00936810952,0.851953745,0.897318482,0.000467822014,0.0210486688,-0.853985548,0.519870579,0.104315802,0.0279598385,0.0504043698,0.109043285,-0.201493293,0.0516567901,-0.327073306,-0.106224731,-0.0934206545,0.237534165,0.0928466842,0.143417537,-0.0898373574,-0.0771760195,0.156034783,-0.177456364,0.35086149,-0.43585512,1.15874624,-0.0171068441,-0.167403787,0.166356564,-1.16115654,-0.922604203,0.455566525,0.3789922,-0.411872476,0.0675530881,-0.720812619
0.00981133804,0.851793945,0.897566736,0.000944772502,0.0220955554,-0.852739811,0.521867514,0.0988372266,0.0318659879,0.0469583459,0.115859814,-0.201572448,0.0510014929,-0.332546771,-0.10434363,-0.09266565,0.248327002,0.0927296281,0.139261529,-0.0905494392,-0.0757406354,0.163639531,-0.182325706,0.350872785,-0.432095647,1.15098166,-0.0193561111,-0.165853828,0.167436078,-1.15769529,-0.917802513,0.452036828,0.376354545,-0.410906941,0.0642474294,-0.719425619
0.0115046315,0.851620317,0.897906065,0.00065065216,0.0222391784,-0.852737427,0.521865785,0.094972156,0.0344584957,0.0472735055,0.121033944,-0.200056925,0.049500607,-0.338826954,-0.101967514,-0.0903967097,0.258498937,0.0980838984,0.139406115,-0.0930352286,-0.0765452012,0.167709008,-0.184944242,0.353212327,-0.42895776,1.1444838,-0.019844465,-0.164204568,0.166240707,-1.15342855,-0.910562694,0.453575492,0.370819777,-0.411972553,0.060904216,-0.715764105
0.0134104593,0.85159713,0.898232579,0.000593650097,0.0223556887,-0.85256809,0.522137463,0.0910939649,0.0380887277,0.0490651503,0.125903904,-0.198766634,0.0464605391,-0.343965381,-0.0986428559,-0.0871930495,0.266183257,0.101919942,0.138067558,-0.0977135897,-0.0768750831,0.170864761,-0.183976397,0.358305365,-0.426689774,1.1368252,-0.0209137425,-0.164195597,0.165550381,-1.15036118,-0.904788196,0.45614171,0.361554623,-0.419203252,0.0567127503,-0.710767925
0.0140904393,0.851710558,0.898603737,0.000633015996,0.0228600707,-0.852489293,0.522244215,0.0884759054,0.0406278037,0.0487734713,0.129355252,-0.196849599,0.045808807,-0.348144501,-0.0959842205,-0.0845079571,0.272952944,0.105635859,0.135423973,-0.10141699,-0.0750931799,0.174225256,-0.182339504,0.359411895,-0.423357546,1.13259113,-0.0208730996,-0.163137093,0.165289268,-1.14419186,-0.899786532,0.455218554,0.349803209,-0.425061017,0.0548999533,-0.70885098
0.0139810909,0.851994395,0.89895463,0.000980672892,0.02347303,-0.852020204,0.522981465,0.085192129,0.0421874411,0.0478824563,0.133640364,-0.194291204,0.0447137915,-0.34949562,-0.0946615487,-0.0822854638,0.274807215,0.107007124,0.133311227,-0.106352217,-0.0738959536,0.177088544,-0.180753484,0.358654976,-0.420038313,1.12994754,-0.020199256,-0.162378818,0.16374132,-1.13306761,-0.897563994,0.449007213,0.336002886,-0.429049671,0.0543048717,-0.709655583
0.0127869248,0.852461696,0.899311721,0.00192350836,0.0245979782,-0.851780534,0.523317397,0.0835718885,0.0434299633,0.04710963,0.133855805,-0.191638112,0.043115668,-0.350349575,-0.0934618488,-0.081215106,0.274632901,0.10667187,0.131558344,-0.111100964,-0.0737808719,0.180093408,-0.177228108,0.358435124,-0.417950124,1.12767482,-0.0205852222,-0.162320688,0.160863206,-1.12003565,-0.901151121,0.44205898,0.319236487,-0.435052812,0.0537642837,-0.708510697
0.0124260942,0.852973044,0.899624765,0.00286943861,0.0255374853,-0.851057231,0.524443686,0.0817794204,0.0450350158,0.0472541079,0.132486537,-0.189014703,0.040659979,-0.350604802,-0.092565462,-0.0804054439,0.272177219,0.107475266,0.128698394,-0.116234891,-0.0736522153,0.182237983,-0.17565465,0.359208226,-0.419685513,1.12753534,-0.0172250494,-0.161804378,0.157028779,-1.10762143,-0.905779481,0.433835894,0.305554181,-0.442501366,0.0555561408,-0.709185123
0.0111037921,0.853654146,0.899991751,0.00444797473,0.0264797546,-0.850251436,0.525691509,0.080789566,0.0453597903,0.0467787459,0.129086807,-0.184535101,0.0379016586,-0.349201441,-0.09347938,-0.0827795789,0.267115265,0.105580568,0.126735419,-0.118160672,-0.0735525787,0.183624759,-0.173875257,0.359008223,-0.419884056,1.1273613,-0.0166944377,-0.162105843,0.154638171,-1.09257305,-0.912889063,0.42492339,0.29281956,-0.449279517,0.0573484078,-0.707987666
0.0111512346,0.8543244,0.90051645,0.00584098231,0.0268039033,-0.850120187,0.525873661,0.0775870234,0.0447795428,0.0476985276,0.128218964,-0.177741125,0.0356024876,-0.349176705,-0.0937812999,-0.082026355,0.261282563,0.106748022,0.126269042,-0.11890056,-0.0754528567,0.18656145,-0.173615366,0.360145032,-0.421879381,1.12366509,-0.0152778951,-0.163542494,0.153926596,-1.07957935,-0.918099523,0.418910086,0.28248167,-0.452610224,0.0553360954,-0.704355776
0.0106336707,0.855100691,0.900875986,0.00824109558,0.0275854543,-0.849787652,0.526338398,0.0753039271,0.0448765755,0.0499224439,0.123583846,-0.172106519,0.0315011591,-0.349044412,-0.0945615247,-0.0849967003,0.253397256,0.105962612,0.124845244,-0.121522173,-0.076682888,0.188904464,-0.170185521,0.363663793,-0.42474708,1.11958718,-0.0127754267,-0.167019591,0.155051544,-1.06964624,-0.92486918,0.415728986,0.274242729,-0.459706813,0.0522907116,-0.703081548
0.00958886091,0.855871081,0.901260138,0.0107668824,0.0282979049,-0.849326193,0.526999354,0.0717144907,0.0443093851,0.0510603823,0.121994279,-0.165444613,0.0285937674,-0.346914172,-0.0958275944,-0.0875959247,0.242705852,0.10322836,0.122683689,-0.122569196,-0.0783562064,0.191005826,-0.166388437,0.365349352,-0.425429821,1.11528659,-0.0119031398,-0.17144683,0.154073298,-1.060341,-0.930746496,0.415061265,0.273694724,-0.464636654,0.0483986214,-0.698786974
0.00956426933,0.856522858,0.901613474,0.0128258066,0.0286563095,-0.849114776,0.527274489,0.0680048689,0.0432901867,0.0526802354,0.120233439,-0.159620315,0.0253033005,-0.346042812,-0.0969382599,-0.0889132842,0.232769951,0.104499288,0.12195494,-0.122805931,-0.0805257112,0.193293035,-0.164841533,0.366137743,-0.425316453,1.11155963,-0.0144876409,-0.17600134,0.154309571,-1.0527513,-0.930606127,0.416353405,0.279529184,-0.460859656,0.0429240204,-0.694003701
0.0105878506,0.8570351,0.901814222,0.0151207969,0.0284864102,-0.849018335,0.527378201,0.0633952394,0.0420888923,0.054931365,0.118931234,-0.15449132,0.0205377862,-0.3456361,-0.0984208956,-0.091830954,0.22193411,0.10532134,0.121824972,-0.122015037,-0.0827244073,0.197229996,-0.16574797,0.368524879,-0.428035647,1.10802138,-0.0173631273,-0.180530533,0.159435675,-1.05040359,-0.92723912,0.420181423,0.290565133,-0.455565214,0.0386082493,-0.69374305
0.0109463623,0.857446253,0.902072191,0.0168279,0.0290699098,-0.848886907,0.527506173,0.0588324443,0.0422822013,0.057229802,0.119108841,-0.15038453,0.0171358921,-0.345532477,-0.097765781,-0.0901060849,0.213106766,0.107065864,0.120927282,-0.121645503,-0.0854471326,0.201159403,-0.166873172,0.370348364,-0.430548549,1.10392416,-0.019272726,-0.182984099,0.162770182,-1.05048466,-0.92372191,0.42630744,0.306535244,-0.449407339,0.0355882905,-0.691583991
0.0129089281,0.857645094,0.902263463,0.0177433491,0.0285439603,-0.848838151,0.527583361,0.0533422492,0.041274976,0.0587870702,0.122041062,-0.147110164,0.0142824147,-0.346146643,-0.097950235,-0.0869069993,0.206080288,0.111176893,0.120023154,-0.119119674,-0.0873068124,0.206856519,-0.172469556,0.372584939,-0.436919004,1.09915662,-0.0217768513,-0.1842926,0.168496206,-1.05559719,-0.918727398,0.437114269,0.327313781,-0.443347871,0.0347139239,-0.689242542
0.0142714903,0.857814968,0.902227521,0.0182587486,0.0279411264,-0.848352015,0.528379381,0.0497024693,0.040708337,0.0585092418,0.124726653,-0.145717695,0.0119828526,-0.343013287,-0.0987809375,-0.0869293213,0.196751028,0.110369168,0.119273052,-0.116229013,-0.088605389,0.21286577,-0.181877732,0.371284246,-0.442823201,1.10133815,-0.0289112367,-0.182947159,0.173408359,-1.06252885,-0.910662293,0.443883091,0.355380982,-0.430545926,0.0347577818,-0.686756611
0.0163037274,0.857741654,0.902378023,0.0183490701,0.0272350498,-0.84830451,0.528489351,0.0460793264,0.040748775,0.0587847531,0.128100589,-0.143133998,0.0117268469,-0.344781667,-0.0981862694,-0.0835194588,0.196442574,0.113886498,0.117556013,-0.11464794,-0.090015009,0.218876988,-0.188048154,0.373444796,-0.445217907,1.09653211,-0.0367510021,-0.185139596,0.178137243,-1.07522643,-0.904946566,0.457260728,0.379691124,-0.422208816,0.0303272214,-0.675972521
0.0188386608,0.857524753,0.902504623,0.0174666177,0.0264244583,-0.847664118,0.529586852,0.0407076441,0.0405925289,0.0528806932,0.135991901,-0.141746938,0.0131345885,-0.346268982,-0.0979800969,-0.0794750601,0.198813289,0.11805708,0.117508076,-0.114100024,-0.0895736814,0.225166261,-0.197954863,0.373616368,-0.448474467,1.09408784,-0.0429782718,-0.185488373,0.188727692,-1.08669615,-0.899561703,0.470097721,0.40308252,-0.413695544,0.0251722895,-0.668687105
0.0197254587,0.857321024,0.902586997,0.0176914148,0.0264081825,-0.847541809,0.529775858,0.0356851928,0.0412242264,0.054494027,0.143122777,-0.141023323,0.0128296716,-0.348660827,-0.0977214426,-0.0782630891,0.201108038,0.119091041,0.117124431,-0.114503346,-0.0885547996,0.230318591,-0.201912805,0.373771787,-0.45016855,1.08798254,-0.0446035638,-0.186272472,0.196960971,-1.09872901,-0.895118654,0.481538028,0.421614558,-0.409062713,0.0225289855,-0.663250208
0.0218388624,0.857001543,0.902766109,0.0166612677,0.0259363446,-0.847282827,0.530246675,0.0299617369,0.0419079103,0.0550572574,0.152659222,-0.14018783,0.0136156697,-0.351420224,-0.0969157219,-0.0730978325,0.205323309,0.124462284,0.116991147,-0.116157711,-0.0877156332,0.23529619,-0.208826527,0.373169631,-0.451781899,1.08348799,-0.0455254689,-0.18404904,0.205993548,-1.1083616,-0.887372196,0.491607815,0.440781534,-0.394099414,0.0174166318,-0.658185005
0.021707125,0.856793463,0.902862072,0.0164684765,0.0264235977,-0.847610414,0.529704809,0.0270278119,0.0427626371,0.0542268157,0.159065634,-0.140250176,0.0154158408,-0.354638934,-0.0946283862,-0.0672819093,0.210732877,0.126650125,0.114250064,-0.117665499,-0.0861599222,0.239393741,-0.209913895,0.371939033,-0.450989068,1.07829499,-0.0458987989,-0.180895209,0.207569361,-1.11605275,-0.884081364,0.498249352,0.453166425,-0.386425406,0.0160500146,-0.655385077
0.0218661707,0.856655359,0.903001845,0.0159860048,0.0265639722,-0.84751761,0.529861033,0.0237382259,0.0426626541,0.0522821769,0.165773809,-0.139591008,0.0163475368,-0.357132554,-0.0938658267,-0.0623624325,0.215889633,0.129175156,0.113741711,-0.12033727,-0.0844696388,0.243549004,-0.212619528,0.370767832,-0.451203197,1.07320976,-0.0425038151,-0.178705424,0.209072798,-1.11830592,-0.882939339,0.503534794,0.460594118,-0.385029703,0.0147917205,-0.654097855
0.0214489345,0.856655896,0.9032076,0.0159168169,0.0271610375,-0.847441316,0.52995491,0.0214077644,0.0435705967,0.0513062589,0.17013903,-0.138648853,0.0172498152,-0.359905362,-0.0924944282,-0.0588242672,0.221424758,0.13054578,0.113257378,-0.123953737,-0.082109496,0.246600702,-0.212721631,0.370905548,-0.452033967,1.0685848,-0.036181353,-0.177783117,0.207303584,-1.11773729,-0.882671118,0.506197453,0.461676031,-0.382104546,0.0114697348,-0.649855375
0.02146383,0.856750131,0.90337342,0.0153759792,0.0273532681,-0.847526789,0.529824257,0.0209316965,0.0437455699,0.051204551,0.171855673,-0.13824603,0.017784087,-0.362059563,-0.0914453566,-0.0541738532,0.225917712,0.133573145,0.114607252,-0.128417552,-0.0810029805,0.248975784,-0.212123781,0.37146315,-0.451942652,1.06284916,-0.0331110843,-0.176622167,0.205481783,-1.11382198,-0.88569057,0.506745994,0.45958367,-0.382420957,0.0109311463,-0.649234414
0.0215541124,0.85693872,0.903616905,0.0148266219,0.0277164672,-0.847529769,0.52981627,0.0213187505,0.0440595932,0.0505422577,0.171176702,-0.137595534,0.0185054708,-0.36452654,-0.0902433991,-0.0501503833,0.230574489,0.138229012,0.114944808,-0.132467628,-0.0796883255,0.249804795,-0.209995404,0.372676402,-0.450760335,1.05599868,-0.0292512067,-0.176776916,0.201862901,-1.10835111,-0.892190874,0.50621742,0.450188696,-0.385125607,0.00889122672,-0.647828341
0.0216311775,0.857260287,0.903866291,0.0145053659,0.0279186014,-0.847296774,0.530187011,0.0209658295,0.043890316,0.0497281216,0.17098397,-0.135801256,0.0185890179,-0.364917845,-0.0898843557,-0.0466338098,0.231033713,0.141505033,0.116052926,-0.136331156,-0.0784836188,0.251521379,-0.209499747,0.372992158,-0.450544029,1.05090761,-0.0249118395,-0.176986799,0.199974909,-1.10170841,-0.899260402,0.501824677,0.438738048,-0.386873007,0.00730287516,-0.646226823
0.021797698,0.857691109,0.904134035,0.0142455194,0.0281154849,-0.847420633,0.529985785,0.0216516815,0.0434208885,0.049153924,0.168505341,-0.134022802,0.0177499428,-0.365240902,-0.0892184302,-0.0431911834,0.230035961,0.146076366,0.11903125,-0.140068606,-0.0783109292,0.253064632,-0.208379507,0.374397218,-0.450230539,1.0451014,-0.0203459412,-0.179280445,0.199597806,-1.09497368,-0.905456245,0.49654609,0.427030236,-0.389590591,0.00574915763,-0.646497846
0.0219463333,0.858240724,0.90438211,0.0149593884,0.0281595215,-0.847545981,0.529763222,0.022008488,0.0434927233,0.0515329726,0.164921641,-0.130882218,0.0148544004,-0.364996403,-0.089206025,-0.0432050861,0.226618007,0.146841049,0.120204128,-0.142649814,-0.0779079497,0.254603058,-0.207230046,0.374679089,-0.448259264,1.0434159,-0.0214885343,-0.18018344,0.2004821,-1.08496511,-0.90933454,0.489267737,0.41716513,-0.386229247,0.00242947764,-0.642859995
0.0223167967,0.85874784,0.904597759,0.015979005,0.0280119721,-0.847680807,0.529525518,0.0213477258,0.0423520952,0.054112792,0.161512494,-0.127055734,0.0124442894,-0.364527494,-0.0905570686,-0.044979699,0.220996663,0.148405433,0.123087972,-0.143281326,-0.0783385113,0.257077187,-0.208736077,0.377392948,-0.451833427,1.0414716,-0.0151601611,-0.18210642,0.203245714,-1.07588351,-0.914797306,0.483293742,0.412147254,-0.391379118,0.00377488625,-0.644176483
0.0233564358,0.859194219,0.904857457,0.0166348703,0.0277114771,-0.847821295,0.52929616,0.0189933721,0.0403147154,0.0557567701,0.160103425,-0.122676283,0.0103644254,-0.364885211,-0.0918676928,-0.0428389125,0.215217456,0.153493568,0.126916528,-0.143252805,-0.0791663155,0.260965079,-0.212317169,0.377961814,-0.454107523,1.03795099,-0.0124283582,-0.184136733,0.207151532,-1.06551492,-0.918206513,0.477468759,0.411356568,-0.392605186,0.00300745107,-0.643593073
0.0242450312,0.859567523,0.90510422,0.0175246224,0.0277877655,-0.847591877,0.52963078,0.0166452024,0.0399499685,0.0576885194,0.158401832,-0.119078048,0.00816502608,-0.365263343,-0.092780523,-0.0441701896,0.21049346,0.156627432,0.127425969,-0.142949596,-0.0795430541,0.264737725,-0.214621693,0.379878491,-0.456904173,1.03452778,-0.0103594866,-0.186439484,0.211133808,-1.05822301,-0.920048475,0.474510849,0.415182173,-0.395023942,0.00325863855,-0.645264924
0.0246369317,0.859904587,0.905277908,0.0185909085,0.0284190644,-0.846803427,0.530820787,0.0128111718,0.0399574973,0.0603405312,0.157907024,-0.11679326,0.00358344265,-0.364478648,-0.0942264348,-0.0455053747,0.202894971,0.158918664,0.128059611,-0.142256483,-0.080379881,0.270134538,-0.218779981,0.380442053,-0.460284293,1.0293678,-0.0125936745,-0.188318521,0.218404442,-1.05115223,-0.917342186,0.469979405,0.425158173,-0.390683115,0.00354011054,-0.653734565
0.0230706129,0.860184252,0.905404449,0.0204786602,0.030020725,-0.846643627,0.530918002,0.00918614212,0.0395214222,0.0612424575,0.157145247,-0.115123175,0.00249260827,-0.364243895,-0.0948045105,-0.0465747043,0.194902733,0.159628421,0.128458694,-0.13944678,-0.0815843493,0.27512154,-0.220308065,0.379840672,-0.463088274,1.02426064,-0.014279522,-0.191647112,0.225188747,-1.04498398,-0.913361609,0.470513403,0.441745609,-0.387587726,0.00126357609,-0.655779421
0.0232272465,0.860238194,0.905440331,0.0215332862,0.0310433954,-0.846345961,0.531291962,0.00532283215,0.0397016071,0.0624149218,0.156756476,-0.115052268,0.000771164894,-0.366374165,-0.0948703438,-0.0459958091,0.191696763,0.162298664,0.128564522,-0.13629055,-0.0825568736,0.27845487,-0.223153859,0.378763825,-0.461696833,1.01984966,-0.0156584792,-0.193597734,0.231269911,-1.04430187,-0.904838622,0.475773424,0.462358832,-0.38716504,0.0012208604,-0.657810271
0.0226724464,0.860117495,0.905462146,0.0228929855,0.0323414095,-0.846556067,0.530822694,0.000748422521,0.0401606075,0.0614101589,0.159124017,-0.114546441,0.00267907837,-0.368786186,-0.0936579108,-0.0456764661,0.189488322,0.163028955,0.128644288,-0.131909475,-0.0838930309,0.282825172,-0.226230696,0.380105317,-0.465097845,1.0166235,-0.0151809501,-0.195915192,0.239241466,-1.04670298,-0.896977961,0.48662442,0.485017657,-0.394657224,0.000997483148,-0.662072539
0.0221575703,0.859855831,0.905556738,0.0237479433,0.0337653011,-0.845858634,0.531807423,-0.00543074682,0.0408758707,0.0603676848,0.16441308,-0.114073969,0.00392278889,-0.371952802,-0.093372874,-0.0433690511,0.190948606,0.163894773,0.126412287,-0.128968701,-0.0846517831,0.287785619,-0.231581196,0.378024369,-0.467108727,1.01510608,-0.0184818171,-0.195985347,0.244095907,-1.0508306,-0.885318995,0.493584335,0.508078277,-0.391854674,0.000316247606,-0.661830544
0.0226641279,0.859492958,0.905564129,0.0248901602,0.034354277,-0.845463097,0.532346189,-0.0114860116,0.0419877395,0.0613624677,0.169769377,-0.113181375,0.00173976726,-0.375800699,-0.093178302,-0.043923337,0.193496764,0.162099272,0.124161854,-0.126496583,-0.083623156,0.293342412,-0.238176689,0.379210085,-0.471120864,1.01450229,-0.017198395,-0.194964528,0.25268364,-1.05825818,-0.87287575,0.499528468,0.525794864,-0.391079634,-0.000495485845,-0.662448525
0.0229376387,0.859101474,0.905586898,0.0249034408,0.034894634,-0.845374763,0.532450616,-0.0147756515,0.0435999073,0.0623493828,0.17454043,-0.113927439,0.00296839443,-0.38007918,-0.0914086923,-0.0404098555,0.200235277,0.162863225,0.121067524,-0.124961115,-0.0835763887,0.296782672,-0.243496045,0.380701303,-0.475352824,1.01511812,-0.0111960284,-0.192983076,0.254039437,-1.06744421,-0.860952139,0.508399904,0.543825448,-0.392083496,0.00037814505,-0.654314816
0.0240619183,0.858692408,0.905660272,0.0249942392,0.0351465121,-0.845046222,0.532951117,-0.0201854631,0.0451509543,0.0633457005,0.181656823,-0.113358587,0.000982739963,-0.38480714,-0.0906287804,-0.0395327061,0.206919476,0.1644914,0.11909952,-0.12475682,-0.0838458762,0.301063746,-0.249480963,0.381782204,-0.474951923,1.01472259,-0.00802719221,-0.191641644,0.261079878,-1.07622802,-0.851035655,0.515159786,0.55373013,-0.389321685,-0.00223164703,-0.655933142
0.0243314132,0.85838753,0.905728102,0.0245446134,0.0355455764,-0.845167577,0.53275305,-0.0237429123,0.0464362577,0.0654517263,0.18885608,-0.114388674,0.000695435272,-0.389031053,-0.0895761847,-0.0383056886,0.214787781,0.166885108,0.118538268,-0.124988347,-0.08454483,0.305184275,-0.254692376,0.38172549,-0.4746795,1.01572132,-0.00400562258,-0.189098865,0.267956674,-1.08315086,-0.84322685,0.522398412,0.562543452,-0.38941595,-0.00219232915,-0.658927202
0.0252718665,0.858154058,0.905810535,0.0241262764,0.0356083028,-0.844713628,0.533487499,-0.0264814999,0.047815226,0.0667566508,0.193144858,-0.1143042,-0.000437884504,-0.392097741,-0.0892151222,-0.037897259,0.220832899,0.168913424,0.117065214,-0.12629129,-0.0840084925,0.307955533,-0.260469705,0.380730867,-0.473628283,1.01815748,0.000456089561,-0.187209368,0.268488288,-1.08680284,-0.833595514,0.523876369,0.56720978,-0.383910805,-0.0042041745,-0.658871531
0.0247525685,0.85806191,0.90603435,0.0237938873,0.036312975,-0.844188988,0.53428477,-0.0287853163,0.0495059639,0.0682906434,0.198068812,-0.113451302,-0.000724793354,-0.394830257,-0.0887585357,-0.0376429036,0.228322044,0.169428095,0.115043066,-0.12762174,-0.0835424364,0.310331613,-0.264078796,0.378528416,-0.471637368,1.01896632,0.00389727019,-0.18470785,0.267894804,-1.08580041,-0.825402379,0.51923877,0.569256961,-0.373771906,-0.00609158631,-0.657637179
0.024713004,0.858059108,0.906220794,0.0236192755,0.0370426103,-0.844172418,0.534268558,-0.0298537631,0.0506347679,0.068732582,0.198679179,-0.113441892,-0.0013578221,-0.398589104,-0.0877765566,-0.0371278115,0.234495461,0.172034964,0.115648292,-0.128533915,-0.0839437395,0.311742902,-0.266786337,0.377237797,-0.469074398,1.01878512,0.00633310061,-0.183556676,0.268784493,-1.08310747,-0.818595827,0.515081167,0.565714896,-0.364101946,-0.0101274047,-0.65872407
0.0247256625,0.85813719,0.906431735,0.0237340946,0.0378016755,-0.843993723,0.534492612,-0.0307064895,0.0516627654,0.0682550967,0.197686344,-0.112977795,-0.00214943872,-0.402286053,-0.0864595249,-0.0349987745,0.239662871,0.174583167,0.115137048,-0.130365551,-0.0839128718,0.313000858,-0.267810225,0.377865553,-0.467901558,1.01774633,0.0099893054,-0.183462471,0.269797862,-1.08089435,-0.8161906,0.514047325,0.557120502,-0.363807112,-0.0124761462,-0.660114944
0.0254209451,0.858284056,0.906670988,0.0240568873,0.0383717753,-0.843502402,0.535212636,-0.0319903791,0.0528369509,0.0676246658,0.195404515,-0.111518197,-0.00380330137,-0.405666023,-0.085134156,-0.0322255269,0.242988944,0.17713277,0.114484765,-0.133197725,-0.0829409063,0.314278215,-0.26900655,0.378663749,-0.466716409,1.01678908,0.0131160496,-0.184583575,0.272663951,-1.07879651,-0.815315783,0.512578905,0.546054482,-0.364997476,-0.0153991263,-0.661388159
0.0254265219,0.858557522,0.90688628,0.0249140095,0.0390601791,-0.84338671,0.535305977,-0.0326259062,0.0532779023,0.0658465326,0.191744655,-0.109741777,-0.00578234252,-0.408178926,-0.0844627097,-0.0322419368,0.244117275,0.17726405,0.114891395,-0.134938523,-0.0818900838,0.316266865,-0.269255966,0.378706157,-0.466145605,1.01573741,0.0135161849,-0.186128169,0.274595499,-1.07566893,-0.816381693,0.508408606,0.534642637,-0.363920212,-0.0183566883,-0.663359106
0.0257871337,0.858915806,0.907068014,0.0262116399,0.0396768823,-0.842709899,0.536263704,-0.0333403498,0.0538480096,0.064752765,0.185617656,-0.107581586,-0.00856869016,-0.409725517,-0.0848130435,-0.0343373157,0.242499352,0.175993547,0.115657099,-0.137842476,-0.0801973268,0.319005668,-0.270160288,0.380794913,-0.468931317,1.01430976,0.0134537267,-0.188072741,0.274729013,-1.07325661,-0.818854809,0.503329396,0.523882389,-0.366752774,-0.0180257019,-0.665392518
0.0258654188,0.859242141,0.907292545,0.027744092,0.0405384004,-0.84249562,0.53645879,-0.0343770273,0.0535718873,0.0636864975,0.179180726,-0.104698062,-0.00939705595,-0.412231833,-0.0848380029,-0.0348105617,0.240101025,0.177432433,0.11467205,-0.139009535,-0.0792216584,0.322034687,-0.269976079,0.381780565,-0.468135089,1.01056147,0.0141577134,-0.191160217,0.277137071,-1.07084465,-0.823870063,0.50094676,0.514790952,-0.370814979,-0.0197700653,-0.665180624
0.0259214677,0.859628618,0.907460868,0.0296614021,0.0415240899,-0.842239916,0.536682308,-0.0360984281,0.053471081,0.0640652329,0.172417477,-0.10209506,-0.0126463557,-0.414000452,-0.0854474902,-0.0373039059,0.234899163,0.177384824,0.116066165,-0.139970005,-0.0789407715,0.3266249,-0.271119118,0.383883983,-0.470772266,1.00624061,0.0150280232,-0.195326984,0.279525995,-1.07002449,-0.829648256,0.500334859,0.509772837,-0.375009149,-0.0205821637,-0.66773659
0.0255206842,0.859968543,0.907612443,0.0318894237,0.0430586524,-0.841608882,0.537423015,-0.0393547229,0.0540792756,0.0664953142,0.167233557,-0.0998173654,-0.0169018377,-0.415882856,-0.0859703869,-0.0391836129,0.228946954,0.177469254,0.116621889,-0.141383424,-0.0779702663,0.332245052,-0.272239029,0.38356936,-0.470515013,1.00230968,0.0138843069,-0.199823499,0.281575412,-1.06916392,-0.833898008,0.49868837,0.507077336,-0.377813607,-0.0225095302,-0.67128861
0.0249056686,0.860223114,0.907690227,0.0345206186,0.0443724096,-0.841398835,0.5374825,-0.0434200205,0.053711798,0.0679151192,0.163752764,-0.0972449258,-0.0201404989,-0.417800814,-0.0870173275,-0.0424278378,0.222304821,0.176074877,0.116798311,-0.141109675,-0.0766237751,0.338627309,-0.273859173,0.382876724,-0.472074449,0.999132335,0.0108893309,-0.203471929,0.285589814,-1.06987989,-0.836788952,0.500390649,0.508409023,-0.379807353,-0.0252918806,-0.67372942
0.0234203357,0.860378861,0.907742321,0.0368998051,0.0463966429,-0.84110254,0.537617207,-0.047613468,0.053678073,0.0707740411,0.161059812,-0.0964396819,-0.0233031381,-0.420145452,-0.0880621374,-0.0456806235,0.217187822,0.174609095,0.118273683,-0.140803218,-0.075611338,0.34494555,-0.275904238,0.380973667,-0.475282699,0.994278133,0.0102935266,-0.206663102,0.289004803,-1.07011771,-0.835897684,0.502537727,0.517162144,-0.379278511,-0.0278898589,-0.675739348
0.0226170886,0.860363066,0.907756388,0.0386684723,0.0478763022,-0.840386093,0.538482904,-0.0516436659,0.0543721393,0.0730991289,0.160234317,-0.0964437798,-0.0263855942,-0.423335165,-0.0885494277,-0.0461924002,0.216405824,0.173759565,0.116765335,-0.139838949,-0.0736466795,0.351320475,-0.280015856,0.380129427,-0.481337667,0.991561294,0.0112906806,-0.20875366,0.293457061,-1.07377434,-0.830926955,0.507499039,0.528459132,-0.382723629,-0.0268679745,-0.681201696
0.0218760408,0.86021328,0.907613933,0.0404254906,0.049469661,-0.839978158,0.538846195,-0.0559634008,0.0548663773,0.0758371949,0.159700543,-0.098122105,-0.0294587482,-0.426069915,-0.0891750231,-0.0482528619,0.213508949,0.172696784,0.11713475,-0.139777333,-0.0720970631,0.359535843,-0.284596473,0.378832132,-0.486259729,0.986617565,0.0103928642,-0.211465612,0.300346464,-1.08044946,-0.822023034,0.513121903,0.542679071,-0.378396124,-0.0274080783,-0.686632931
0.0204782914,0.859905541,0.90748626,0.0423404053,0.0511165895,-0.839556336,0.53920269,-0.060852062,0.054987371,0.0762306824,0.161477268,-0.0990231037,-0.0302892588,-0.429543734,-0.0896813273,-0.0490786768,0.213245183,0.170983732,0.11486017,-0.137563154,-0.0701534376,0.367162764,-0.289158255,0.376856416,-0.490838289,0.982741296,0.0107621513,-0.214104161,0.306149185,-1.0898869,-0.815806627,0.520807266,0.555867076,-0.378720522,-0.0297940653,-0.69282639
0.0195865277,0.859458387,0.90735954,0.0441168882,0.0528882779,-0.838987529,0.539774477,-0.0673915222,0.0555239283,0.0746902227,0.165249348,-0.10067074,-0.031720873,-0.435953677,-0.0895231366,-0.0474216975,0.217712656,0.170442492,0.11179518,-0.136197224,-0.0672731847,0.37537232,-0.294875264,0.373779297,-0.493445575,0.979739845,0.0123870233,-0.215040296,0.312720597,-1.10049808,-0.808949351,0.527250648,0.569523156,-0.374135703,-0.0313128904,-0.69805932
0.0193884801,0.858877897,0.907134116,0.0460329726,0.0542361625,-0.838273108,0.540590048,-0.0748228654,0.0558895357,0.0729991496,0.169994727,-0.102046028,-0.0317519456,-0.442157596,-0.0898616165,-0.0468769222,0.221381634,0.169110447,0.108041584,-0.135708079,-0.0631769821,0.384241283,-0.304148495,0.369031429,-0.498314232,0.981059909,0.00985995121,-0.214236706,0.320600271,-1.11005342,-0.798369586,0.528866827,0.588404894,-0.362327486,-0.0323503092,-0.701341629
0.0188719518,0.858266532,0.907027364,0.0469546653,0.055669181,-0.837610126,0.541392148,-0.0822064579,0.0569107756,0.0735264495,0.178196222,-0.103829637,-0.0317064114,-0.447908431,-0.0895811692,-0.0444496907,0.227432266,0.169349983,0.104496472,-0.134131908,-0.060409151,0.392740607,-0.313714474,0.36345306,-0.498953938,0.980309427,0.00995305367,-0.213375106,0.329142094,-1.11928308,-0.790456414,0.530469835,0.603794038,-0.355890661,-0.0321799777,-0.708345175
0.0201528277,0.857577085,0.906907916,0.0481766462,0.0561965406,-0.837562025,0.541304767,-0.0905640423,0.0579729527,0.0736029074,0.186749652,-0.103922285,-0.0328924172,-0.456533492,-0.0880326927,-0.0398600549,0.2355102,0.17162706,0.100519598,-0.133472219,-0.0571531057,0.401593775,-0.322818995,0.361842275,-0.499896497,0.979886413,0.0132781519,-0.212318808,0.334625691,-1.12969756,-0.784593284,0.536161125,0.609698713,-0.353705108,-0.033946313,-0.710661709
0.0195883978,0.857116163,0.906823695,0.0491359346,0.0573148802,-0.837306023,0.54149729,-0.0969264656,0.0592132434,0.0754671916,0.194953173,-0.104920596,-0.0342030413,-0.462001652,-0.0872109011,-0.0372483768,0.241799012,0.171068043,0.0979764834,-0.13512212,-0.0546727926,0.408699155,-0.328884631,0.357053965,-0.498806298,0.97852397,0.0140594346,-0.210919723,0.337588489,-1.13508093,-0.778773069,0.534087718,0.612730384,-0.348549336,-0.0348885693,-0.71669656
0.0202325899,0.856663764,0.906834543,0.0499501303,0.058200296,-0.836980641,0.541831255,-0.103853099,0.0601300374,0.0744793043,0.201787248,-0.104674876,-0.0351867974,-0.46905154,-0.0862683058,-0.0348149464,0.249252766,0.173728526,0.0953837112,-0.136230648,-0.0525420718,0.414738357,-0.335674405,0.354239494,-0.497242182,0.977339387,0.0148371672,-0.209893897,0.341187805,-1.13792539,-0.775013149,0.53059876,0.609208465,-0.342987597,-0.0377058908,-0.723135293
0.0201007575,0.856408417,0.906896472,0.0510060638,0.0589014329,-0.8365165,0.542373657,-0.109570295,0.0617546402,0.07468234,0.20899567,-0.103154659,-0.0385488048,-0.4736498,-0.0853348374,-0.0338730402,0.255306005,0.172421589,0.0922303051,-0.138782978,-0.0502162054,0.420205355,-0.339248329,0.352363288,-0.495729297,0.977962732,0.0169166233,-0.208709151,0.341691285,-1.13840187,-0.771746755,0.52452004,0.600376904,-0.343486398,-0.0382180847,-0.729895055
0.0197372045,0.85629487,0.906998754,0.0516845882,0.0596792102,-0.836334527,0.542504966,-0.114073582,0.0621151738,0.0732634366,0.214244783,-0.102023616,-0.0390402935,-0.478132665,-0.0848139897,-0.032144852,0.260825962,0.173821077,0.0907332897,-0.140372857,-0.050041154,0.424478173,-0.343286514,0.349763453,-0.493008524,0.978630543,0.0194476228,-0.208065867,0.340978026,-1.135095,-0.77092278,0.519979179,0.589684546,-0.341983199,-0.0390155427,-0.732649505
0.0195902027,0.856291711,0.907166541,0.052723363,0.0605020672,-0.836316407,0.542341769,-0.118116044,0.0632598698,0.0738968402,0.217417434,-0.0998927653,-0.0411565937,-0.48214522,-0.0832677409,-0.0297367126,0.263906032,0.174654528,0.0895187482,-0.142913923,-0.0500350147,0.428745598,-0.344894856,0.349072725,-0.491697848,0.977661967,0.0202647932,-0.207955837,0.339103371,-1.13238621,-0.770910263,0.515029848,0.574029028,-0.341461509,-0.0406471342,-0.734573245
0.0194757823,0.856461287,0.907288849,0.054412201,0.0616939999,-0.835958064,0.542593122,-0.121230334,0.0645057783,0.0732062832,0.215433985,-0.0983181968,-0.0445823222,-0.486113518,-0.0823566914,-0.0304762069,0.264721066,0.174243912,0.0883535221,-0.145811275,-0.0500425547,0.432266086,-0.345418543,0.350511849,-0.490849584,0.976326585,0.0206286702,-0.207913682,0.338553101,-1.12938011,-0.773937702,0.510085702,0.555380762,-0.341843486,-0.0415286906,-0.739818692
0.0189180467,0.856788516,0.907401323,0.0565665439,0.062950857,-0.835479915,0.542964756,-0.122522056,0.0657302812,0.0722064376,0.209472775,-0.0965306535,-0.0472287759,-0.488751084,-0.0817283466,-0.032875713,0.263052136,0.172055677,0.0871103182,-0.148503065,-0.0485924631,0.43557182,-0.344428152,0.351994574,-0.491197765,0.974720776,0.0177762304,-0.209472805,0.338135034,-1.12575758,-0.777731538,0.50368619,0.539067805,-0.340232968,-0.0432760566,-0.74393636
0.0189470518,0.857078791,0.907588363,0.0586350709,0.0643187091,-0.835071564,0.543213129,-0.12471918,0.0663059503,0.0714721456,0.202697352,-0.0936225429,-0.0490945093,-0.492093116,-0.0809206888,-0.0326796584,0.259597152,0.173999399,0.085675925,-0.151185632,-0.0486399606,0.437986702,-0.344559103,0.352269322,-0.490147412,0.973295987,0.0152659221,-0.212180778,0.336489826,-1.12110865,-0.783104181,0.498793274,0.524756193,-0.341715187,-0.0451509841,-0.750028789
0.017709041,0.857481003,0.907668471,0.061320629,0.0659579113,-0.834970832,0.542874753,-0.126082346,0.0664166585,0.0721358508,0.195024833,-0.0913641602,-0.0509729572,-0.493974656,-0.0806668401,-0.0336499959,0.253186911,0.172619253,0.0853847191,-0.152763203,-0.0493215024,0.441208571,-0.343392223,0.352400482,-0.491418421,0.971248806,0.01180478,-0.213790491,0.336008638,-1.11799896,-0.788638115,0.498474658,0.513744593,-0.343931645,-0.0453548171,-0.752925277
0.0165189262,0.857873857,0.907716095,0.0638315305,0.0675101578,-0.834509969,0.543103099,-0.127621517,0.0661252141,0.0705038607,0.18783088,-0.0894545317,-0.0536947325,-0.495289564,-0.080661878,-0.033411134,0.246534392,0.171512485,0.0839767233,-0.152958691,-0.0496288203,0.444933504,-0.343472153,0.352502912,-0.494904518,0.968601704,0.0110142687,-0.216193944,0.334010243,-1.1176604,-0.792623103,0.499526829,0.507672429,-0.345455527,-0.0438883044,-0.75382328
0.0156904943,0.858183026,0.907747149,0.0660680458,0.069265984,-0.833823264,0.543669045,-0.129878193,0.0659137219,0.0701505765,0.180602536,-0.0884297043,-0.0561263338,-0.497035831,-0.0813189372,-0.0346021764,0.239956275,0.172021344,0.084225744,-0.151849285,-0.0489010625,0.448820859,-0.345767707,0.351099968,-0.499267042,0.963488221,0.00956976321,-0.218365431,0.333779246,-1.11766219,-0.79275471,0.499753445,0.507399917,-0.344126105,-0.0426726788,-0.754263282
0.014617526,0.858348787,0.907714009,0.0684369653,0.0709824711,-0.833127022,0.544221699,-0.132801026,0.0661738291,0.0697640777,0.175764605,-0.0874903128,-0.059219446,-0.498567432,-0.0816142708,-0.0362118632,0.23412931,0.170286685,0.0828481689,-0.150232658,-0.0480725281,0.453324974,-0.34704116,0.35126698,-0.504745781,0.957924664,0.0114005022,-0.219450936,0.334424585,-1.12074292,-0.793405473,0.502987206,0.510071337,-0.347592413,-0.0397651866,-0.757220209
0.0129549848,0.858363569,0.907619059,0.0702814832,0.0729786083,-0.83214128,0.545229793,-0.136136487,0.0674800202,0.0710525215,0.174359933,-0.0882982537,-0.062799342,-0.499171823,-0.0819582939,-0.0387594961,0.229474187,0.168098345,0.0800837204,-0.147867694,-0.0478440262,0.458711624,-0.349598497,0.348962963,-0.508261204,0.953388691,0.0101719778,-0.220601097,0.337724328,-1.12642229,-0.789652228,0.506244302,0.521370173,-0.348249465,-0.0366622955,-0.76215905
0.0128751481,0.858127475,0.907446921,0.0717380568,0.0739593282,-0.831216335,0.546317756,-0.140711725,0.0677422658,0.0697565228,0.175291061,-0.0888504237,-0.0649211034,-0.501760006,-0.0826951787,-0.0397535227,0.228476211,0.167072654,0.0765637457,-0.145782039,-0.0464003496,0.463588953,-0.354796201,0.346285731,-0.510715783,0.951025486,0.00716794515,-0.219862953,0.341519237,-1.13408089,-0.783033311,0.510073721,0.535688758,-0.346006483,-0.0340331532,-0.766749144
0.0118701374,0.857750416,0.907310009,0.0731275156,0.0754620358,-0.830232084,0.547423542,-0.145984754,0.0689091906,0.0708574802,0.178867042,-0.090021275,-0.0688685477,-0.504729748,-0.0834589899,-0.0420314074,0.229935482,0.164282441,0.0751510933,-0.144310668,-0.0456197299,0.470850199,-0.360526294,0.34362191,-0.513582706,0.947079003,0.0085117016,-0.219473153,0.345578372,-1.14152598,-0.775225341,0.513719141,0.548143923,-0.342996776,-0.0332834125,-0.773937345
0.0113911806,0.85715878,0.907128453,0.0743770152,0.0765997767,-0.82972914,0.54785955,-0.152852014,0.069681637,0.0713855699,0.186265364,-0.0912228972,-0.0708272532,-0.509751439,-0.0835585445,-0.0417731628,0.2343788,0.163117975,0.072144419,-0.142030209,-0.044710435,0.47794947,-0.367401421,0.341671258,-0.516383052,0.94298178,0.0134351281,-0.218446806,0.353985846,-1.14911056,-0.766685128,0.519341946,0.560920358,-0.339598447,-0.0336994752,-0.781772733
0.011432413,0.856520653,0.90688473,0.0752433091,0.0773234144,-0.82914567,0.548522592,-0.159065396,0.0712911412,0.067990981,0.194740608,-0.0930161476,-0.0719118193,-0.515380442,-0.0828549787,-0.0430095606,0.243010804,0.16060245,0.0686155781,-0.139765173,-0.0431040376,0.483626485,-0.374304295,0.339856893,-0.519167125,0.94341439,0.017876504,-0.217603534,0.361254275,-1.15734172,-0.757404506,0.523357987,0.573649704,-0.333929271,-0.0361317471,-0.788636088
0.0114921331,0.855888665,0.906692088,0.0753993765,0.0781430826,-0.828449726,0.549435794,-0.164469361,0.0720041618,0.0641941801,0.202115804,-0.0952809006,-0.0715921819,-0.520326793,-0.0824044272,-0.0413124338,0.250857055,0.160969675,0.0664459839,-0.138904005,-0.0423269458,0.488493502,-0.382814467,0.336764246,-0.522455037,0.94459331,0.0206324086,-0.215937242,0.371463716,-1.16366577,-0.747444034,0.527631938,0.586893857,-0.329566568,-0.0367829278,-0.799070895
0.0102087315,0.855331004,0.906572282,0.0769037902,0.0789086893,-0.827726364,0.550207496,-0.171742573,0.0723120347,0.063553445,0.213136211,-0.0942550823,-0.0724105388,-0.525995374,-0.083533518,-0.0427426696,0.260489821,0.156991988,0.0616073161,-0.135910258,-0.0416911133,0.491269439,-0.387070358,0.331568152,-0.523314893,0.948802233,0.0221212972,-0.213955447,0.375032216,-1.16857123,-0.740554452,0.531761587,0.596442401,-0.331591159,-0.0363786817,-0.803849638
0.0112078972,0.854819298,0.906435728,0.0774613693,0.0783690959,-0.82796967,0.549840212,-0.17729643,0.0724509954,0.0619880557,0.222487345,-0.093341887,-0.0732801929,-0.530780971,-0.083002314,-0.0418170169,0.26753372,0.15575178,0.0591357425,-0.134440079,-0.0418337621,0.49176529,-0.392058849,0.32961306,-0.524571538,0.952941537,0.0203990005,-0.210468739,0.381222963,-1.17270744,-0.729392052,0.534873605,0.604674399,-0.323887706,-0.0371302553,-0.80657649
0.0100813061,0.854648948,0.906373918,0.0783089995,0.0790689439,-0.827793598,0.549885035,-0.18098487,0.0735554919,0.0611973852,0.229163975,-0.0931966826,-0.0740273222,-0.533959091,-0.082309626,-0.0422158539,0.273568988,0.152834743,0.0570316836,-0.134444922,-0.0427946448,0.491954923,-0.392795146,0.327318728,-0.523839056,0.957046092,0.0194495246,-0.208992139,0.385839671,-1.17308819,-0.723681629,0.536815464,0.607326925,-0.320548832,-0.038859386,-0.807668149
0.00951686874,0.854654014,0.906374872,0.0787709802,0.0789134949,-0.828255713,0.549145043,-0.182107642,0.0740550086,0.0623005927,0.233431786,-0.0920706168,-0.0733696446,-0.535500884,-0.0814119875,-0.0416253619,0.277119011,0.15159449,0.0558463521,-0.135326907,-0.0442390516,0.491687089,-0.393093675,0.325888962,-0.522485077,0.962727129,0.0195679944,-0.207540363,0.386851728,-1.17317045,-0.718126476,0.541278124,0.607148468,-0.318601966,-0.0411519893,-0.800416946
0.00915527344,0.854875267,0.906467021,0.0783665627,0.0785027221,-0.828547955,0.548820853,-0.180325732,0.0745121837,0.0630175099,0.23425141,-0.0913599879,-0.0725346282,-0.534164548,-0.0808841288,-0.0419411473,0.278320253,0.150372177,0.0552161112,-0.136148378,-0.0462164395,0.491216481,-0.394370764,0.324722975,-0.520481884,0.967212856,0.0207911078,-0.205487654,0.385077029,-1.170838,-0.713837683,0.544968307,0.606104851,-0.314713776,-0.0431494229,-0.791725874
0.00815546606,0.85534507,0.906599164,0.0779575184,0.0782763734,-0.828859329,0.548441112,-0.175870374,0.074885197,0.0634542108,0.230741754,-0.0907811448,-0.0710361376,-0.530195355,-0.0803870261,-0.0431687236,0.275581986,0.147872284,0.0547407679,-0.137374058,-0.0491510741,0.490487695,-0.394418895,0.324427545,-0.519551873,0.970558286,0.0199665874,-0.20482409,0.381859481,-1.16819561,-0.713495553,0.549135029,0.600290418,-0.311709076,-0.0468777008,-0.782425523
0.00729647698,0.855965316,0.906786442,0.0773912519,0.0777933896,-0.82946223,0.547677994,-0.169876546,0.0744845346,0.0652415007,0.224544659,-0.0897175893,-0.0683984607,-0.524453282,-0.0801489875,-0.043767333,0.26890099,0.146730155,0.0558494441,-0.139287263,-0.0520976894,0.489522934,-0.393393248,0.323139876,-0.516824484,0.972557724,0.0176187903,-0.204298884,0.37516439,-1.16724074,-0.719498456,0.550881207,0.589111805,-0.309722483,-0.0499790981,-0.771103561
0.00826052111,0.856710315,0.90685153,0.0761791915,0.0760904774,-0.830339313,0.546757281,-0.161228508,0.073387742,0.0654471517,0.214376926,-0.0898072049,-0.0660500228,-0.516432822,-0.0806170776,-0.0474200398,0.258520424,0.145974562,0.0587607659,-0.142556772,-0.0555464923,0.485065758,-0.391946197,0.325411767,-0.515271246,0.97195375,0.0136125656,-0.20472604,0.367262959,-1.16602564,-0.733572185,0.55120486,0.570311129,-0.308552533,-0.0539682731,-0.762901843
0.00805338845,0.857509315,0.907033443,0.0754769072,0.075217329,-0.830908656,0.546110272,-0.153599069,0.0721899942,0.0669002384,0.204245195,-0.0885321423,-0.0657438338,-0.507787347,-0.0811470449,-0.0493687391,0.245777175,0.144837961,0.0613698997,-0.145001739,-0.0585391335,0.480508536,-0.388838589,0.325527102,-0.513997436,0.96982944,0.0113538746,-0.205217317,0.357943118,-1.16428375,-0.747517586,0.55056572,0.553678274,-0.309491158,-0.0550576523,-0.755345285
0.00893527921,0.858376145,0.907219291,0.074901484,0.073759757,-0.831243873,0.545878053,-0.145497829,0.0705506206,0.0668317825,0.191400409,-0.0857986361,-0.0643552765,-0.500088513,-0.0823282003,-0.0526116043,0.23390919,0.145042166,0.0644057766,-0.14655222,-0.060852427,0.473387927,-0.386444688,0.326725811,-0.514071465,0.967688739,0.00808069762,-0.205816656,0.34786585,-1.16165721,-0.762832165,0.55202955,0.533455133,-0.31491062,-0.0550913103,-0.747287989
0.0101920152,0.85926497,0.907429099,0.0740524903,0.0722076669,-0.83177352,0.545394421,-0.137279764,0.0685096458,0.0662345141,0.178118467,-0.0827180371,-0.0628271103,-0.491776139,-0.0830228403,-0.0536101721,0.219958901,0.147204399,0.0686629862,-0.148375914,-0.0628850684,0.465581387,-0.383440703,0.327803135,-0.514149904,0.963139415,0.00262907823,-0.207083434,0.340990365,-1.1598022,-0.778326929,0.552778482,0.516119242,-0.318587214,-0.0533276089,-0.739258766
0.0103646703,0.860220134,0.907687485,0.0729875565,0.0710385293,-0.832146466,0.545122504,-0.128711045,0.0666591972,0.0662826449,0.166493237,-0.0795459971,-0.0624115318,-0.48215735,-0.0834137797,-0.0529667921,0.206077486,0.148335725,0.0712729618,-0.149682567,-0.0644851029,0.458126694,-0.379943877,0.325796962,-0.514413893,0.959996462,-0.00448854407,-0.208932787,0.333001763,-1.15772271,-0.78899318,0.550190806,0.50396663,-0.322075784,-0.051067289,-0.733329356
0.0110249957,0.861102045,0.907928586,0.0723008886,0.0697580725,-0.832912445,0.544208884,-0.120911963,0.0646762699,0.065170981,0.15465349,-0.075664103,-0.0614100061,-0.473879546,-0.0833582282,-0.0529233068,0.192236379,0.150530159,0.0756700039,-0.150420219,-0.0654023141,0.450933725,-0.376982152,0.325628579,-0.515878439,0.957236826,-0.00785514433,-0.210343331,0.322802573,-1.15509391,-0.799008787,0.548626423,0.494352341,-0.324332207,-0.0503107868,-0.726231754
0.0122672981,0.861837506,0.908148944,0.0711336881,0.0680849776,-0.833249152,0.544059038,-0.11450582,0.0629888475,0.0653661266,0.146515518,-0.072035335,-0.0616035685,-0.466179699,-0.0840409473,-0.052778475,0.181461141,0.152928337,0.0797237679,-0.150232643,-0.0656016096,0.445117563,-0.376232058,0.32510975,-0.515345573,0.956043303,-0.0112804258,-0.211258322,0.320427775,-1.15366507,-0.805707395,0.550391495,0.487969011,-0.33146894,-0.0479908213,-0.720581532
0.0131719708,0.862358272,0.908384562,0.0695332438,0.0668223873,-0.833612561,0.5438658,-0.108127706,0.0616996959,0.0631436482,0.13972716,-0.0696631745,-0.0604353473,-0.459922105,-0.0838290527,-0.0510195456,0.174565092,0.156440929,0.0811796337,-0.148824483,-0.0659405068,0.439437658,-0.376812607,0.32233873,-0.516590893,0.957144141,-0.0174860805,-0.211767152,0.316663295,-1.15423703,-0.805409729,0.547728181,0.492984027,-0.327840149,-0.045998238,-0.718567073
0.0144941732,0.862668633,0.908464789,0.0682059824,0.0652051643,-0.834196866,0.543334007,-0.103010125,0.0607668236,0.0625250861,0.135588363,-0.0682458058,-0.0599773005,-0.454761505,-0.0834865719,-0.050021749,0.169013426,0.158704489,0.0823653191,-0.14790462,-0.0654689595,0.43381688,-0.378516674,0.321424365,-0.519566774,0.962349057,-0.0194337685,-0.212314501,0.315634668,-1.15624976,-0.804629445,0.548903584,0.504258871,-0.326253206,-0.0444264114,-0.718052804
0.0135215884,0.862907946,0.90862298,0.0664433464,0.0651100799,-0.83411777,0.543685079,-0.0988616347,0.0604027472,0.0629420057,0.134763479,-0.0690870211,-0.0584303923,-0.450717658,-0.0838142484,-0.0482023098,0.168739215,0.160160139,0.0823794752,-0.145249397,-0.0660666972,0.429451823,-0.381020576,0.316799164,-0.523169577,0.966054678,-0.0224859342,-0.211674124,0.312812239,-1.16145647,-0.799063563,0.5528391,0.521217525,-0.322223395,-0.0432552658,-0.713713348
0.0137810623,0.862999022,0.90861851,0.0649642944,0.0638086051,-0.833885014,0.544374764,-0.0956543759,0.0591957085,0.0606018268,0.135886371,-0.0695446357,-0.0574349575,-0.447077662,-0.0858332589,-0.0521705933,0.170352325,0.158825338,0.082447432,-0.142554715,-0.0650028437,0.425465405,-0.385728449,0.314073682,-0.527908564,0.972496808,-0.0256111063,-0.210656345,0.313273132,-1.16775715,-0.791298985,0.556158602,0.544180036,-0.317762136,-0.0416184552,-0.712901354
0.0149542009,0.862897217,0.908749819,0.0619222522,0.0620399863,-0.834161937,0.54450947,-0.0932353362,0.0587769635,0.0614204928,0.142728671,-0.070978336,-0.0549383126,-0.44386366,-0.0861612558,-0.050217852,0.175096691,0.161642134,0.0830380842,-0.140708432,-0.0644260123,0.421484649,-0.391601861,0.308061004,-0.526347995,0.980120242,-0.0293546654,-0.209134191,0.31457451,-1.17139506,-0.778071702,0.556697488,0.569845796,-0.306522906,-0.0432418808,-0.707912862
0.0149359116,0.862810671,0.908875227,0.0601373129,0.0612019338,-0.834250689,0.544668317,-0.0920985565,0.0593714714,0.0600568652,0.149747074,-0.0718077198,-0.0536433943,-0.443783045,-0.0854175314,-0.0480310358,0.183975041,0.161675796,0.0815691426,-0.137307242,-0.0647445172,0.418397456,-0.394610256,0.305488259,-0.527058184,0.985818386,-0.0300987661,-0.206955239,0.316965878,-1.17699659,-0.768470287,0.564207852,0.587758482,-0.298469931,-0.0473393574,-0.701457381
0.0162511636,0.862676978,0.908945978,0.057487838,0.0593186431,-0.834522247,0.544746757,-0.090431273,0.0599178523,0.0606816709,0.158202082,-0.0731104836,-0.0541790798,-0.442033112,-0.0849387497,-0.0460436754,0.191515103,0.162163943,0.0812042803,-0.135464802,-0.0641573593,0.414893478,-0.398761988,0.302311391,-0.525328755,0.993542075,-0.030183062,-0.204208553,0.320974469,-1.1822865,-0.758121669,0.565766037,0.602959812,-0.291918188,-0.0485170372,-0.704365313
0.017929187,0.862576067,0.909011602,0.0546704754,0.056770619,-0.835153222,0.544341207,-0.0863131732,0.0597769059,0.0593200661,0.163741812,-0.073463738,-0.0520890541,-0.439244717,-0.0849499404,-0.0473868251,0.198726282,0.161933795,0.080438152,-0.132969126,-0.0635578036,0.408569217,-0.400686085,0.299779385,-0.522741556,1.00166774,-0.0326798894,-0.200297445,0.322483182,-1.18269765,-0.749566495,0.567202389,0.614484847,-0.284030944,-0.0508526713,-0.697196484
0.0190513097,0.862517297,0.909057558,0.0523244105,0.0547058433,-0.835602164,0.544094145,-0.0827175751,0.0596958473,0.0572553948,0.16880092,-0.073762551,-0.0509064607,-0.437014103,-0.0844728947,-0.046356976,0.205660924,0.161373869,0.0799320638,-0.132484183,-0.0634811968,0.403407305,-0.40065074,0.297970325,-0.519071221,1.00868189,-0.0336828269,-0.197115824,0.320689082,-1.18228734,-0.745938241,0.568123639,0.613706112,-0.283211529,-0.0524249151,-0.694733918
0.019665597,0.862537205,0.909119844,0.0498893708,0.0527851917,-0.836094439,0.543756247,-0.077966854,0.0595285557,0.0553964823,0.172571778,-0.0738193691,-0.0491130836,-0.433336437,-0.0839298889,-0.0451442897,0.210650027,0.160416305,0.0787159577,-0.133310214,-0.0647917986,0.397225499,-0.399319351,0.295987964,-0.513985693,1.01566362,-0.0367536694,-0.193676427,0.313103765,-1.1788255,-0.745082736,0.564812481,0.606835842,-0.281569302,-0.0522196442,-0.693060219
0.0201915149,0.862608075,0.90924871,0.0478627235,0.0516288728,-0.836482167,0.543453038,-0.0741402805,0.0595719591,0.054373607,0.174192175,-0.0737157315,-0.0460544527,-0.431762189,-0.0830847248,-0.042962227,0.215701073,0.162798598,0.0790325254,-0.134965688,-0.0669633597,0.389626294,-0.396570355,0.295420557,-0.509335399,1.01940978,-0.0395277776,-0.191450223,0.303526968,-1.17229164,-0.749856532,0.564586818,0.592045665,-0.28956753,-0.0514195897,-0.68954891
0.0202576891,0.862795651,0.909323156,0.0463859886,0.0504587069,-0.837029636,0.542847693,-0.0694684982,0.059735164,0.0537154712,0.174293101,-0.0734505579,-0.045360703,-0.428485185,-0.0826859549,-0.0443919189,0.217662588,0.161601767,0.0811404735,-0.137690485,-0.0678912476,0.383029491,-0.392366797,0.296099067,-0.506571114,1.02349806,-0.0412915684,-0.1904383,0.293556929,-1.16535187,-0.755218983,0.559613407,0.570140958,-0.296388924,-0.0496233143,-0.691261292
0.0196717139,0.863048613,0.909388363,0.0454101749,0.0499120802,-0.836963356,0.543082893,-0.0649694428,0.0599584952,0.0518063977,0.172204554,-0.0732152462,-0.0442621335,-0.424675316,-0.0821098909,-0.0436969474,0.217575356,0.159254313,0.0807716772,-0.140482262,-0.0682546794,0.375941366,-0.38698262,0.296502858,-0.503913343,1.02584362,-0.0403597169,-0.1908454,0.281977445,-1.15392959,-0.763493538,0.551719964,0.546720266,-0.301313847,-0.0497093238,-0.688171625
0.0200302526,0.86325866,0.90944165,0.0441870391,0.0487374701,-0.837317228,0.542744875,-0.0602769218,0.059695255,0.0507006571,0.169974864,-0.072484754,-0.0422172099,-0.421446562,-0.0817720592,-0.0431995913,0.217430264,0.159620121,0.081429109,-0.142989755,-0.0690491423,0.368474334,-0.38156423,0.29737848,-0.498562217,1.02798152,-0.0382879265,-0.191028401,0.273015499,-1.14337528,-0.772897124,0.544345558,0.523204148,-0.305401444,-0.0500443429,-0.681739211
0.0192411449,0.863489747,0.909583747,0.0427151211,0.0485120751,-0.83758992,0.542462051,-0.0556877479,0.0589418709,0.0481867827,0.167708814,-0.0726111308,-0.0387095548,-0.418639123,-0.0809976086,-0.0389023013,0.217844069,0.161791891,0.0827313587,-0.145156965,-0.0698671415,0.36254096,-0.375636816,0.29599461,-0.49514398,1.025787,-0.0383766852,-0.19162257,0.265120506,-1.13147926,-0.779411614,0.534303188,0.503926814,-0.307242453,-0.0486698635,-0.681584835
0.0197864696,0.86369276,0.909547865,0.042710837,0.0476375744,-0.838196456,0.541602433,-0.0523040891,0.0588223673,0.049121175,0.163223952,-0.0712664872,-0.0375776701,-0.41559571,-0.0803648457,-0.0390101783,0.212618977,0.160657525,0.0838151351,-0.146888956,-0.069437027,0.355299532,-0.369316995,0.298430741,-0.493303567,1.02645385,-0.0349805579,-0.192129225,0.262609482,-1.12106061,-0.785895109,0.528005004,0.490037739,-0.309411138,-0.0496079102,-0.678704977
0.0198021065,0.863902569,0.909476459,0.0425488539,0.0464825667,-0.838637948,0.541031778,-0.0487541296,0.0576346777,0.0487255044,0.160529435,-0.0696855634,-0.036504928,-0.411427557,-0.0811568797,-0.0402632579,0.207977325,0.157673582,0.0848614126,-0.146941125,-0.0695877746,0.348263294,-0.364074767,0.29966706,-0.494122714,1.02674472,-0.0299645588,-0.192188382,0.258613855,-1.10986555,-0.790402591,0.521527946,0.481593847,-0.310793668,-0.0494222157,-0.675843179
0.0199066158,0.864085138,0.909350097,0.0418817326,0.0455239415,-0.838423491,0.541497469,-0.0450263023,0.0569347739,0.047817044,0.157670945,-0.0701128915,-0.0358597562,-0.406423628,-0.0821398497,-0.0411937907,0.20310609,0.155798644,0.0844881833,-0.14622575,-0.0699479729,0.340638161,-0.359240115,0.299024999,-0.492471009,1.02710128,-0.0329588912,-0.193398565,0.252449185,-1.098261,-0.792024016,0.513988376,0.479636133,-0.307727247,-0.050162673,-0.67157048
0.0196275264,0.86422652,0.909200549,0.0411782973,0.0442122556,-0.838550746,0.541463137,-0.0407075621,0.0559851006,0.0475251377,0.156380981,-0.0704567656,-0.0361137316,-0.40035966,-0.0834945589,-0.0443819538,0.198415428,0.151436642,0.0848469213,-0.144040585,-0.0703951865,0.332884282,-0.354646653,0.299001575,-0.492664129,1.03026032,-0.0346635729,-0.193033993,0.24809435,-1.08817542,-0.793528676,0.510059178,0.482151061,-0.308376014,-0.0482701547,-0.668275297
0.0190673582,0.864267468,0.90909034,0.0405881368,0.0433050767,-0.838128209,0.5422346,-0.038073577,0.0556972623,0.0469382741,0.15748401,-0.0705212653,-0.0365841463,-0.395338625,-0.0847870633,-0.0469586775,0.196099669,0.147436976,0.083551608,-0.141966805,-0.0706848428,0.32649222,-0.350778878,0.299091399,-0.494126171,1.03290153,-0.0354445055,-0.193137556,0.244104534,-1.07999527,-0.794692576,0.507782757,0.487544745,-0.310780227,-0.0460634716,-0.666477859
0.0197628718,0.864180565,0.908943057,0.0390096568,0.0414505489,-0.838010371,0.542677343,-0.0352401659,0.0547471046,0.0466174856,0.160792142,-0.071319133,-0.035910219,-0.390504062,-0.0861848593,-0.0478826948,0.195509374,0.146091893,0.0828587562,-0.139801234,-0.0708667189,0.319500983,-0.348966599,0.298582166,-0.495917052,1.03709674,-0.0378279984,-0.193036035,0.241859585,-1.07413208,-0.792933524,0.509212494,0.499070704,-0.312998474,-0.04302755,-0.663826883
0.0204073992,0.864030659,0.908797503,0.0372063853,0.0395077914,-0.838053703,0.542881966,-0.032931786,0.0536781922,0.0451995172,0.166468322,-0.0721823722,-0.0343758054,-0.385923505,-0.0873680785,-0.0481491536,0.196315587,0.144933552,0.0819394961,-0.137480214,-0.0710137859,0.314940542,-0.348229021,0.298161149,-0.49785611,1.04104686,-0.0410636328,-0.192327186,0.244357258,-1.07142627,-0.791337609,0.512835801,0.510882318,-0.314693421,-0.0411143862,-0.661762357
0.0218399819,0.8637411,0.908738613,0.0346703939,0.0372617431,-0.838548899,0.542443812,-0.0313937999,0.0523083732,0.0441829525,0.174837545,-0.0727401301,-0.032114096,-0.38318184,-0.0877052769,-0.0451006256,0.200436845,0.147342637,0.0812927037,-0.134947792,-0.0708266571,0.310225934,-0.347556263,0.297059685,-0.496583849,1.04274178,-0.0414489135,-0.191212505,0.244464472,-1.0706805,-0.786810517,0.517204344,0.524689794,-0.313815743,-0.0408194698,-0.657462478
0.022596715,0.863491893,0.908715785,0.0323597863,0.0358379409,-0.838188171,0.543239415,-0.0305498801,0.0517228022,0.0401835851,0.182503745,-0.0737641752,-0.0309911817,-0.381221116,-0.088078171,-0.0421662033,0.206540972,0.148503199,0.0793810859,-0.13345775,-0.0710575655,0.307155192,-0.347422242,0.297027439,-0.49679324,1.04305089,-0.0422743484,-0.189049184,0.24340871,-1.06964958,-0.784027696,0.521694183,0.533737659,-0.311243206,-0.0394132324,-0.654251516
0.0235725045,0.863223433,0.908732772,0.029227877,0.0337949507,-0.838235676,0.543474555,-0.0271278974,0.0506038703,0.0383853056,0.188812271,-0.074656859,-0.0293726902,-0.378075719,-0.0894067436,-0.042553246,0.213487953,0.149989337,0.0791675076,-0.13158682,-0.07060799,0.302739084,-0.347221732,0.293669492,-0.492628604,1.04536867,-0.0458543152,-0.18565768,0.240968063,-1.06720531,-0.778028369,0.521136045,0.545389831,-0.307325304,-0.0363284461,-0.652902722
0.023522703,0.86303103,0.908644438,0.0272066575,0.0319956355,-0.838178992,0.543775737,-0.0233973116,0.049913507,0.036505226,0.193979502,-0.0749842227,-0.0279734246,-0.374303222,-0.0902184471,-0.042234499,0.218846396,0.146934867,0.0776791796,-0.13050279,-0.0686566532,0.296878576,-0.343983322,0.29291293,-0.491985261,1.04729223,-0.0453332067,-0.182784915,0.237958208,-1.0637306,-0.774371862,0.522101581,0.54697752,-0.304210037,-0.0362460092,-0.645647168
0.0237498507,0.862772048,0.908604503,0.0248176455,0.0308707543,-0.838022053,0.544196784,-0.0197774936,0.0498286188,0.034160696,0.197430581,-0.076576747,-0.0259950198,-0.372210443,-0.0901985988,-0.0409428328,0.225604832,0.147466019,0.0773323551,-0.131444424,-0.0678086579,0.290900826,-0.339968622,0.291344017,-0.488698065,1.04770398,-0.0472838841,-0.180890098,0.237379164,-1.05766284,-0.771173835,0.518466473,0.546573043,-0.297220916,-0.0368724205,-0.642940879
0.0235025659,0.86259985,0.908529282,0.0224712677,0.0301504862,-0.837540329,0.545080006,-0.0151703851,0.0497997776,0.0311932322,0.198184967,-0.079448618,-0.023157455,-0.3696661,-0.0901653171,-0.0383114181,0.231318608,0.14775227,0.0765716061,-0.132946998,-0.0669211298,0.284233272,-0.335985035,0.289352179,-0.48603645,1.04916453,-0.0472963229,-0.177688986,0.233797252,-1.04951334,-0.7705791,0.512321591,0.5427683,-0.290554225,-0.0367886648,-0.637834609
0.0235027876,0.862439692,0.908423007,0.0202592164,0.0291458145,-0.837330937,0.545542836,-0.00978051312,0.0493347533,0.0284156706,0.19739224,-0.0819529518,-0.0193906352,-0.367373824,-0.0903363973,-0.0364877731,0.236711457,0.148621649,0.0764582157,-0.133990228,-0.0672082603,0.275820404,-0.330447048,0.289937317,-0.482881457,1.04887748,-0.0450171307,-0.175086141,0.226415291,-1.04148686,-0.777054369,0.509693205,0.530967593,-0.294310927,-0.0361525081,-0.632485569
0.0226646699,0.862354457,0.908325136,0.0187349543,0.0286365934,-0.837438941,0.545458496,-0.00460920297,0.0491111204,0.025311023,0.196193993,-0.084112443,-0.0157100465,-0.36446926,-0.0898209438,-0.0355206504,0.240039542,0.14612864,0.0783631951,-0.135724187,-0.0657859743,0.268406123,-0.322874516,0.289393216,-0.479108036,1.0489676,-0.045021493,-0.172224641,0.22335206,-1.03342068,-0.784597099,0.499135047,0.516436338,-0.295869172,-0.0338907428,-0.633497775
0.0226540584,0.862295449,0.908222437,0.0166209228,0.0280459002,-0.836966813,0.546281695,0.00044082501,0.0483866446,0.0247237664,0.193236783,-0.0877790153,-0.0128762461,-0.361707538,-0.09129446,-0.0356910564,0.242650568,0.147385284,0.0823521465,-0.139210001,-0.0658318028,0.262292296,-0.319442898,0.288114309,-0.478258401,1.04964232,-0.0452124961,-0.169787228,0.221171632,-1.02611864,-0.793713391,0.48824814,0.499944746,-0.296326011,-0.0309723075,-0.640509188
0.0209154859,0.862389684,0.908080161,0.0153672472,0.0281062406,-0.836859226,0.54648006,0.00657388568,0.0471027531,0.0199476145,0.188499197,-0.0911867842,-0.00754365372,-0.356800079,-0.0915624872,-0.0341198966,0.240712762,0.145072326,0.0845010579,-0.14037855,-0.0656282008,0.255514741,-0.314402312,0.28488943,-0.474958807,1.05255926,-0.042770531,-0.168169066,0.213910937,-1.01768887,-0.802728951,0.476146162,0.480227709,-0.299609333,-0.0280563906,-0.64294827
0.0196316242,0.862484932,0.907923341,0.0145274047,0.0278755501,-0.836814165,0.546583891,0.0118029565,0.0447839424,0.0169317517,0.183229372,-0.0936265662,-0.00259859208,-0.352694631,-0.0928307846,-0.0317911468,0.237633213,0.143505275,0.086153917,-0.140740722,-0.065420486,0.25111559,-0.311945528,0.281634003,-0.475663662,1.05509222,-0.0396845527,-0.167227134,0.20804517,-1.00934374,-0.810308218,0.462297976,0.463617831,-0.301038355,-0.0251004379,-0.643728852
0.0176482387,0.862682819,0.907749295,0.0138153136,0.0282431003,-0.83788383,0.544942319,0.018968923,0.0426370725,0.0175850838,0.174585611,-0.0974542052,0.00219282298,-0.349620193,-0.0934136435,-0.0308957528,0.23367244,0.143866748,0.0916813537,-0.142464027,-0.0670576841,0.244915143,-0.308118701,0.279926807,-0.479345441,1.05977964,-0.0376421362,-0.166435555,0.19894667,-1.00347483,-0.819899142,0.453169227,0.452034861,-0.304099262,-0.0204796325,-0.641555667
0.0180785134,0.862762928,0.907583594,0.0129210828,0.0274689049,-0.837994516,0.54483366,0.0231529027,0.0395965725,0.0190248732,0.167350709,-0.0988092721,0.00612309854,-0.34634465,-0.0968909562,-0.033043243,0.227803752,0.146302477,0.0961509869,-0.141189799,-0.0691978857,0.24021776,-0.30984962,0.277246207,-0.47967124,1.06336033,-0.0394278802,-0.165616661,0.195233896,-0.99686259,-0.827676952,0.442771912,0.442425132,-0.301611245,-0.0188580658,-0.642475128
0.0170072969,0.862934709,0.90728569,0.0124273067,0.0272649955,-0.838463008,0.54413414,0.0297411904,0.0375773273,0.0211058669,0.158143744,-0.102046542,0.00787890516,-0.341720104,-0.0987467095,-0.0341737829,0.220661685,0.145186305,0.101509258,-0.140087709,-0.0703895986,0.23514387,-0.308114916,0.275515676,-0.483935416,1.06656432,-0.0411309972,-0.166390255,0.191460088,-0.992414117,-0.831972301,0.434384942,0.437476248,-0.303145289,-0.0154035594,-0.647752345
0.018196227,0.862876654,0.907013535,0.0115807988,0.0263201911,-0.839000642,0.543370128,0.0330456756,0.0346314721,0.0225778744,0.151729107,-0.10368526,0.0118919993,-0.338551015,-0.101122223,-0.0349753499,0.212405846,0.149542272,0.106628485,-0.137954563,-0.0727899671,0.230883539,-0.308651775,0.275778115,-0.485116988,1.06737018,-0.0408605747,-0.168646544,0.19030042,-0.989007175,-0.835723698,0.431679517,0.435140133,-0.305911988,-0.0141257755,-0.649624705
0.0172268618,0.862912655,0.906618476,0.0119236661,0.0262715556,-0.839953661,0.541890681,0.0377804227,0.0325931646,0.026083488,0.143861979,-0.106822923,0.0151270786,-0.335202903,-0.103338219,-0.0410161354,0.204282552,0.148354739,0.111042015,-0.135415658,-0.0740591213,0.227259979,-0.304816604,0.275476485,-0.485259891,1.06885576,-0.0399450362,-0.170501992,0.185983166,-0.988171697,-0.839533806,0.430088669,0.43175447,-0.312697142,-0.0118322298,-0.650163412
0.0165475924,0.862862587,0.906209588,0.011793647,0.0262299851,-0.84026897,0.541406453,0.0404756628,0.0306819472,0.0285039078,0.139682233,-0.110242322,0.0162991043,-0.330860972,-0.10550984,-0.0440670922,0.195300654,0.147469327,0.114883259,-0.133673579,-0.0760681778,0.224504054,-0.302872807,0.274282664,-0.485742271,1.07023418,-0.0415849835,-0.17208989,0.185933396,-0.987761796,-0.840897024,0.427737147,0.432795763,-0.316242158,-0.0095881708,-0.657265902
0.0165289175,0.862685144,0.905841291,0.0113016358,0.0256531071,-0.840802491,0.540615678,0.0432278588,0.0287948288,0.0297411717,0.136898667,-0.113189928,0.0185791813,-0.327397376,-0.107150048,-0.0466154329,0.189117283,0.147431701,0.11788255,-0.131006002,-0.0781163275,0.221290112,-0.30113858,0.274302214,-0.486390382,1.07224929,-0.0449501723,-0.173010528,0.18629919,-0.988120437,-0.839798748,0.429027379,0.436567843,-0.317230344,-0.00824904256,-0.662674844
0.0171491671,0.862387419,0.905476809,0.0105612297,0.0247146841,-0.841509104,0.539573908,0.0448280126,0.0269067138,0.0322518013,0.136816606,-0.115826808,0.020803567,-0.324944019,-0.108563527,-0.0479718149,0.184613287,0.148582786,0.120380193,-0.128012002,-0.0805990398,0.218318984,-0.299277127,0.276238352,-0.48601222,1.07155824,-0.0451779105,-0.173966855,0.186292738,-0.989582598,-0.838491917,0.433263212,0.443116903,-0.319463432,-0.0069005508,-0.663216889
0.0166737251,0.86212188,0.905150533,0.010284422,0.0241601653,-0.841606557,0.539452434,0.0462397635,0.0255238507,0.0323498659,0.137482062,-0.117875062,0.0239225123,-0.32239753,-0.110253468,-0.0500013456,0.182442471,0.145906195,0.120343454,-0.124198958,-0.0822976977,0.215243414,-0.295431644,0.276949108,-0.482041746,1.07150257,-0.0472602025,-0.17355065,0.183520883,-0.990275085,-0.83865428,0.436832339,0.44802323,-0.322150111,-0.00579852005,-0.659561276
0.0178706255,0.861708462,0.904931307,0.00862269383,0.0226984322,-0.841692865,0.539410353,0.0476794764,0.0240048002,0.0321119055,0.140237153,-0.119507223,0.0268654227,-0.321223468,-0.111895867,-0.0503443629,0.185146704,0.147468284,0.122019343,-0.120539926,-0.0842861384,0.211427316,-0.29445374,0.278886229,-0.4785254,1.07126522,-0.0483416319,-0.172302246,0.183810055,-0.990695238,-0.834751248,0.440737545,0.456677139,-0.318320304,-0.00660689874,-0.655393243
0.0175146516,0.861322522,0.904744208,0.00719178375,0.0217155088,-0.842356265,0.53843534,0.0496357158,0.0234305784,0.0317757875,0.145768091,-0.121496975,0.029775558,-0.31947276,-0.111803882,-0.0500902459,0.189257294,0.14511089,0.122795478,-0.117202021,-0.0859984905,0.209065184,-0.290936172,0.282132387,-0.478351682,1.07327497,-0.046955429,-0.170085639,0.184192657,-0.992969334,-0.833446264,0.446353972,0.462002754,-0.321562231,-0.00569237024,-0.654704928
0.0181282945,0.860884666,0.904540896,0.00522138877,0.0205848161,-0.842614532,0.538098216,0.0522348657,0.0233905837,0.0316036977,0.14955841,-0.124641031,0.0325256623,-0.319633245,-0.111266404,-0.0473371446,0.196899831,0.146085873,0.12192297,-0.114415102,-0.0877653658,0.20509176,-0.28741312,0.284605622,-0.474480271,1.07479358,-0.0482180789,-0.16702953,0.18324177,-0.992084384,-0.831000805,0.451808572,0.467677057,-0.318825006,-0.00585595099,-0.650375962
0.017465407,0.86044395,0.904431224,0.00379363657,0.0201727524,-0.843577504,0.536614954,0.0540733151,0.0238507185,0.0319915563,0.155457005,-0.127169773,0.0369476005,-0.320520282,-0.109544113,-0.0455722474,0.205192253,0.145554259,0.121241517,-0.112215795,-0.0879908428,0.201152235,-0.280732155,0.28779152,-0.471805334,1.07739913,-0.0436310507,-0.164455652,0.182429045,-0.993277371,-0.830465436,0.457945615,0.471657276,-0.324426621,-0.00364270946,-0.647424161
0.0165152363,0.86014384,0.904334962,0.00244359649,0.0198385157,-0.843737543,0.536383688,0.0563733168,0.0248745233,0.0320390575,0.160253868,-0.129277974,0.0405088477,-0.320741296,-0.108548656,-0.0442526415,0.214127481,0.143829137,0.120964028,-0.111099698,-0.0884527117,0.197047099,-0.274181515,0.289762437,-0.467463642,1.0799135,-0.0414906219,-0.161774814,0.17824164,-0.99056083,-0.830160975,0.461306393,0.471868098,-0.326455444,-0.00256000832,-0.643551886
0.014999711,0.859918535,0.904288471,0.00119240885,0.0196716543,-0.844703555,0.534871519,0.0599576756,0.0257201381,0.0346317403,0.163714349,-0.131419837,0.0428825654,-0.321545452,-0.106798895,-0.0421689562,0.223135784,0.142594904,0.12244828,-0.111499853,-0.0892368481,0.191736639,-0.265000999,0.293164134,-0.464863479,1.08168125,-0.0368505903,-0.159541145,0.175148323,-0.988342047,-0.829118073,0.466864049,0.470649421,-0.330942869,-0.0008504914,-0.638353169
0.0132077346,0.859778345,0.904247403,8.3821069e-05,0.0194461588,-0.844899476,0.534571528,0.0638297722,0.0263799727,0.0367950797,0.166135147,-0.132866681,0.0445945561,-0.320854604,-0.106814303,-0.0428270139,0.231176555,0.139671743,0.123295695,-0.111318916,-0.0894652978,0.185630038,-0.256311506,0.294686079,-0.460299373,1.08553886,-0.0352014378,-0.156731948,0.171549916,-0.983314931,-0.829604506,0.468722343,0.467375398,-0.334598541,0.000772876199,-0.6348207
0.0112191038,0.859690011,0.904229105,-0.0013548932,0.0196079146,-0.845305741,0.533921242,0.0683934242,0.0266905762,0.0388349965,0.166963235,-0.13534449,0.0458553769,-0.320506155,-0.106697612,-0.0428439155,0.23884818,0.13947764,0.126069307,-0.112015218,-0.0906070843,0.179899633,-0.248418584,0.29430452,-0.456019193,1.0897212,-0.0342675075,-0.153904751,0.167406887,-0.976565599,-0.828089774,0.467126817,0.466794789,-0.331756383,0.00264151487,-0.632580042
0.0106999371,0.859580159,0.904153109,-0.00247634621,0.0188722573,-0.845754027,0.533233345,0.0719759613,0.025803417,0.039679464,0.167137995,-0.136391893,0.0481205955,-0.320291847,-0.107761927,-0.044500079,0.244204685,0.140203819,0.129180953,-0.111035004,-0.0920025185,0.174959317,-0.242393121,0.296565771,-0.453418821,1.0920105,-0.0319161713,-0.152468994,0.166924492,-0.973082244,-0.828398287,0.467780232,0.463262886,-0.334581941,0.00485619577,-0.632213175
0.00894820876,0.859612167,0.903980494,-0.00307092373,0.018339511,-0.846650362,0.531824589,0.0770380646,0.0245950874,0.042796582,0.165785,-0.137598112,0.0505153462,-0.317466557,-0.108848594,-0.0465430915,0.244672805,0.136991546,0.132328883,-0.111447699,-0.0923779234,0.169671133,-0.234847352,0.297651619,-0.453270018,1.09646726,-0.0284588542,-0.15081346,0.164679751,-0.971808493,-0.829715967,0.468863785,0.455771148,-0.340633065,0.0064841425,-0.631168306
0.00792598166,0.859592974,0.903858483,-0.00410761731,0.0178097375,-0.847602785,0.530316412,0.0817756057,0.022978602,0.0457389355,0.163733259,-0.138809025,0.0524550267,-0.315431982,-0.109638505,-0.0470022,0.24486506,0.137929976,0.137834042,-0.110029995,-0.0938085988,0.165237635,-0.229393959,0.296546489,-0.450956941,1.09950793,-0.0280371346,-0.150467902,0.163490742,-0.969995856,-0.83184129,0.468413532,0.451637596,-0.346088737,0.0113671971,-0.633716643
0.00623357436,0.8596946,0.903607249,-0.00422741193,0.0177397206,-0.848950088,0.528158307,0.0865068883,0.0212664828,0.0477807634,0.159869149,-0.140618622,0.0537823103,-0.312649071,-0.109653488,-0.0465314463,0.240349814,0.136800289,0.14234218,-0.109574877,-0.0948045477,0.160286978,-0.223463506,0.295189112,-0.450507015,1.10479951,-0.0278354585,-0.150608554,0.164068565,-0.969678104,-0.830584049,0.465676248,0.44292742,-0.342337996,0.0104543539,-0.63945508
0.00485322112,0.85979408,0.903300822,-0.00400496414,0.0177554265,-0.85004741,0.526391566,0.0903483778,0.0192646813,0.0511571728,0.154855698,-0.142694354,0.0540039651,-0.309463263,-0.110587388,-0.0478407033,0.233026803,0.13471663,0.146159232,-0.108172253,-0.096630916,0.154730648,-0.217974693,0.293824375,-0.450502783,1.1093725,-0.027613055,-0.151365146,0.163088083,-0.970240414,-0.832192779,0.464360207,0.436215162,-0.346786231,0.0131485257,-0.646843672
0.00395500008,0.859819412,0.903017938,-0.00395423686,0.0178838819,-0.851269245,0.524409413,0.093263261,0.0163334943,0.0522419699,0.149578258,-0.144703954,0.0562401935,-0.307715505,-0.112281039,-0.05118661,0.226209357,0.136894718,0.153350562,-0.106460683,-0.097457692,0.150649458,-0.214169428,0.291607887,-0.450443387,1.11194348,-0.0248990431,-0.152274013,0.163109362,-0.971082866,-0.832581103,0.460794777,0.430227548,-0.344743997,0.0138026308,-0.654221416
0.0029896854,0.85989362,0.902692914,-0.00374427275,0.0178943202,-0.852901936,0.521750987,0.0973861814,0.0140602011,0.0569993369,0.143007293,-0.146938175,0.0581842437,-0.305267662,-0.112632498,-0.0522379689,0.217480913,0.137796089,0.157147259,-0.104178734,-0.0983356908,0.144980639,-0.208655834,0.289833128,-0.449454814,1.11571002,-0.0209414363,-0.152326658,0.162520364,-0.973759711,-0.83063823,0.460268557,0.427556157,-0.342395842,0.0145173576,-0.657221019
0.00246473076,0.859909117,0.902426243,-0.00377972238,0.0178055502,-0.853875995,0.520158172,0.101037398,0.0120426975,0.0603036955,0.137007192,-0.148813471,0.0589930527,-0.303629994,-0.114349224,-0.0571899228,0.212153271,0.13975969,0.161795199,-0.102382734,-0.098652184,0.140642986,-0.204258308,0.288760215,-0.449822426,1.11925793,-0.0205552094,-0.152623266,0.161561161,-0.977147162,-0.829102337,0.461288005,0.425945938,-0.339129895,0.0152180474,-0.659028232
0.00253059785,0.859921336,0.902104974,-0.00378149492,0.0172717664,-0.854512691,0.519129515,0.104769401,0.010459763,0.0637981072,0.130753189,-0.150450945,0.059775494,-0.301161945,-0.116068967,-0.0619970523,0.206216708,0.139450684,0.165719733,-0.100940011,-0.0989772007,0.136493802,-0.200797498,0.288931936,-0.450289607,1.12471676,-0.0235039704,-0.152385712,0.160041124,-0.981587529,-0.827472091,0.464541227,0.424910635,-0.338978291,0.0173479207,-0.660560846
0.00304005179,0.85983938,0.901895344,-0.00421364373,0.0167666674,-0.855213284,0.517987847,0.107742116,0.00938519742,0.065356113,0.126428097,-0.1519932,0.0603242628,-0.300320625,-0.116669334,-0.0649280176,0.203992248,0.140636429,0.169197127,-0.0997667164,-0.098682411,0.133441061,-0.197847396,0.290295094,-0.450858176,1.12896132,-0.02332961,-0.151922479,0.159584031,-0.987933695,-0.824424446,0.469233811,0.426369548,-0.337147474,0.018050855,-0.658375144
0.00388658815,0.859715104,0.901673675,-0.00448029069,0.0158635788,-0.855838001,0.516981184,0.109722696,0.00877595786,0.0689665005,0.124628842,-0.153077975,0.0599457398,-0.29986015,-0.11755652,-0.068715252,0.203295007,0.139900073,0.171233162,-0.098206453,-0.0988922641,0.130925998,-0.195261195,0.293738186,-0.45150283,1.13243401,-0.0201985333,-0.150307745,0.160044745,-0.995547175,-0.822372437,0.475599527,0.426963657,-0.337719142,0.0190196522,-0.656113386
0.00480625732,0.859500945,0.901607513,-0.00544861611,0.0153379925,-0.855816185,0.517023921,0.111529857,0.0095384391,0.0703053251,0.124122672,-0.15440309,0.0602612831,-0.300073355,-0.117685623,-0.0716136247,0.206955567,0.140622169,0.171975419,-0.0982403085,-0.0980697572,0.128811404,-0.192432284,0.296472609,-0.44990769,1.13493681,-0.0213207472,-0.149604619,0.161640868,-1.00293136,-0.821364105,0.481722295,0.430791348,-0.343543857,0.0218318477,-0.655430853
0.00545774586,0.859305501,0.901581466,-0.00672129216,0.0145149576,-0.855730116,0.517175138,0.112474494,0.00995657686,0.0712382868,0.127516821,-0.155044943,0.0622275956,-0.299605727,-0.117505245,-0.0701490045,0.211303487,0.140787259,0.171839282,-0.0979797244,-0.0971420556,0.127120078,-0.190657854,0.29815796,-0.447606683,1.13624096,-0.0193672646,-0.147390634,0.163273275,-1.00833774,-0.818143666,0.485615551,0.434914529,-0.345084459,0.0236591212,-0.652936399
0.00617126748,0.859065711,0.901591182,-0.00843463093,0.0134486603,-0.856001437,0.516729653,0.114534229,0.0101803569,0.0704778284,0.131071404,-0.15549463,0.0647099391,-0.299350917,-0.116324306,-0.0661599785,0.217287153,0.141906142,0.170234948,-0.0971794873,-0.0957162976,0.125319064,-0.1897991,0.29893741,-0.446642429,1.1403085,-0.0194893517,-0.143301025,0.163870841,-1.01412845,-0.814819157,0.4905231,0.439192206,-0.348666787,0.0268880203,-0.651973188
0.00601097988,0.85887295,0.901660323,-0.00990338158,0.0126401857,-0.856427014,0.516018331,0.116796628,0.0105020748,0.0704223588,0.135470569,-0.155242473,0.0665206537,-0.299207747,-0.115287729,-0.063396506,0.224610448,0.141412824,0.169030175,-0.096677117,-0.0934723616,0.123815708,-0.187416747,0.298225701,-0.444930524,1.14353299,-0.0196905863,-0.139370963,0.164474949,-1.01840448,-0.812033474,0.494377643,0.440615356,-0.350816071,0.0299779437,-0.64910084
0.0051951413,0.85878408,0.901632488,-0.0110548642,0.0117303375,-0.856584787,0.515754461,0.120942399,0.0107987234,0.0712667853,0.137319803,-0.155075431,0.0677599981,-0.297080368,-0.115287744,-0.0634096414,0.230191365,0.137258202,0.168008938,-0.0959305316,-0.09085197,0.121176615,-0.18423149,0.296860904,-0.443450242,1.147578,-0.0236183554,-0.135841608,0.162033111,-1.02071273,-0.811435163,0.497398436,0.437930018,-0.355142295,0.0334221907,-0.647643983
0.00440751528,0.858699977,0.901639581,-0.0122316061,0.0110685984,-0.85700345,0.515046537,0.124331862,0.0109182978,0.0736064836,0.139616072,-0.155256554,0.0681863427,-0.296173871,-0.115196072,-0.0630912781,0.236084893,0.135708407,0.168344498,-0.097172156,-0.0889296979,0.118498713,-0.180293322,0.295450181,-0.441758394,1.15008008,-0.0258914903,-0.132891953,0.158598647,-1.02150345,-0.811861217,0.50181967,0.432556629,-0.358875513,0.0350186303,-0.644254446
0.0031596506,0.858691573,0.901624024,-0.0135756237,0.0107858321,-0.857692003,0.513871372,0.128634185,0.0108410241,0.0770432726,0.14011164,-0.156266689,0.0694506243,-0.294973999,-0.114403762,-0.0602485538,0.240111023,0.135944128,0.169724941,-0.0989811644,-0.0866529495,0.113710701,-0.175444007,0.293419033,-0.441703945,1.15199256,-0.0231760945,-0.12992537,0.154728115,-1.02131414,-0.812192023,0.504715323,0.428431511,-0.361450613,0.037190035,-0.642310619
0.000951801834,0.858754098,0.901626527,-0.0147163039,0.0111663733,-0.858205914,0.51297307,0.133242056,0.0105571942,0.0795428529,0.139482439,-0.157503471,0.0712438673,-0.293924153,-0.114244968,-0.0593722872,0.244669959,0.136178061,0.172987998,-0.100811973,-0.0845180526,0.110181615,-0.169363052,0.290384769,-0.440837622,1.15166771,-0.0201849267,-0.128599748,0.151084378,-1.02099073,-0.816951454,0.504768729,0.420603722,-0.366892546,0.0401968397,-0.643466413
-0.000894784112,0.858849287,0.901678383,-0.0157186165,0.0115732038,-0.858122826,0.513073266,0.137380451,0.0105547467,0.0783903226,0.137961432,-0.158264592,0.0731541738,-0.292560458,-0.113924682,-0.057665538,0.249084458,0.13477616,0.173728377,-0.102287441,-0.0822597593,0.107030168,-0.16400592,0.288372785,-0.440625101,1.15106571,-0.0186686832,-0.129188642,0.144799024,-1.02159381,-0.82508266,0.503152132,0.406779408,-0.373292893,0.0417618938,-0.642567515
-0.00299264234,0.859012008,0.901701272,-0.0159050766,0.0120555805,-0.857935309,0.513369918,0.140983254,0.0109101739,0.0793344453,0.135948271,-0.158302248,0.0735471398,-0.290467054,-0.11434482,-0.0592499487,0.251251221,0.129830942,0.173872218,-0.103489935,-0.0802518278,0.104089789,-0.157084376,0.289019823,-0.44214204,1.14822197,-0.0167876333,-0.130265623,0.139848143,-1.02622628,-0.837830305,0.498702794,0.386345446,-0.386969984,0.0446012616,-0.645151734
-0.0046865209,0.859190106,0.901767194,-0.0166867506,0.0125043113,-0.857725978,0.513684034,0.144530833,0.00958932005,0.0744487345,0.132990867,-0.158546716,0.0764346421,-0.289101094,-0.114884749,-0.058144711,0.253934681,0.129110456,0.174507216,-0.102354705,-0.0770750344,0.101297125,-0.153457642,0.286748469,-0.442501843,1.14621663,-0.014433057,-0.129383609,0.139515564,-1.0289458,-0.849883139,0.489243627,0.36870113,-0.396062911,0.0496963523,-0.650010645
-0.00699734874,0.859509468,0.901741743,-0.0166451391,0.0131361708,-0.857284963,0.51440537,0.148564935,0.00900514983,0.0758629069,0.128087893,-0.159298882,0.0729640499,-0.285856843,-0.116708137,-0.0606554374,0.252108097,0.125274658,0.17636621,-0.103110462,-0.0754051954,0.0975165591,-0.148468271,0.285206646,-0.443954378,1.14591658,-0.0147549799,-0.130062103,0.138919324,-1.03370047,-0.863357425,0.481263667,0.352989703,-0.405180961,0.056406036,-0.66111201
-0.0063361628,0.859695375,0.901667416,-0.0163120963,0.012482699,-0.857302189,0.514403582,0.149813205,0.0083740456,0.0806663781,0.124188721,-0.158828691,0.0702555254,-0.283473104,-0.118439794,-0.0646327287,0.246329725,0.122527674,0.177372411,-0.104222134,-0.0748720542,0.0915187523,-0.145884275,0.28783235,-0.444720626,1.14839959,-0.00615322124,-0.130958989,0.144240409,-1.04139018,-0.874408901,0.478072912,0.342347741,-0.422365576,0.0644556582,-0.671906114
-0.00616584485,0.859912395,0.901569843,-0.01613684,0.0117904413,-0.857535124,0.514037013,0.151841879,0.00577741209,0.0818357244,0.119578235,-0.157670841,0.0694098696,-0.280655414,-0.121553332,-0.069979243,0.23994492,0.121891163,0.180574819,-0.102975279,-0.0746060312,0.0874935463,-0.143475488,0.288983047,-0.444755793,1.14501381,-0.002953107,-0.132441103,0.146058515,-1.04598248,-0.882747948,0.475785375,0.33629179,-0.431177974,0.0695358068,-0.677813292
-0.00683499221,0.860221744,0.901404619,-0.0146966744,0.011935289,-0.857237339,0.514573336,0.153743997,0.00519961258,0.083513625,0.112258531,-0.156822458,0.0659268573,-0.276051491,-0.122794189,-0.0733449087,0.228426158,0.115852445,0.179367796,-0.102180459,-0.0758082494,0.0847886726,-0.140198126,0.292792767,-0.446336955,1.14367926,-0.00197710819,-0.133537933,0.144519717,-1.05278301,-0.893636346,0.476964891,0.331408411,-0.441251218,0.0737286359,-0.681518137
-0.00564446533,0.860356569,0.901267946,-0.0142254205,0.0109160421,-0.856954634,0.515079856,0.154407829,0.00382825523,0.0841123983,0.108403079,-0.155965552,0.0632856935,-0.272356153,-0.124661908,-0.0761949196,0.219466954,0.113620766,0.179044455,-0.100677766,-0.0766854361,0.0822723284,-0.140198797,0.298302531,-0.45070222,1.14145589,0.000472682383,-0.136275575,0.146388501,-1.06200278,-0.902285874,0.483869165,0.330653608,-0.453380674,0.077745907,-0.68258661
-0.0049428395,0.86043936,0.901060462,-0.0141207427,0.0100406064,-0.856749177,0.515442133,0.156020328,0.00212682085,0.0845224038,0.104640961,-0.15605776,0.0619459376,-0.268496335,-0.126983061,-0.0801230744,0.211611569,0.112766288,0.180236116,-0.0993062556,-0.0769136325,0.0795804337,-0.140948102,0.301300406,-0.454831451,1.14150965,0.00238528452,-0.137878254,0.146576986,-1.07213616,-0.907941043,0.490938902,0.332306445,-0.461393267,0.081008248,-0.684564471
-0.0044914661,0.860440373,0.900794089,-0.0137641653,0.00918540079,-0.857084513,0.514909983,0.157189205,0.000802066003,0.0851891786,0.102815226,-0.156213209,0.0617964678,-0.265064746,-0.127638757,-0.080956459,0.203747466,0.11066059,0.180104181,-0.0973369628,-0.0774326622,0.0775715411,-0.139968604,0.305110008,-0.457258642,1.14036381,0.00305260764,-0.139319137,0.147954494,-1.08424532,-0.912506461,0.500641644,0.334678173,-0.470703721,0.0841882303,-0.683842421
-0.00462752813,0.860346437,0.900579691,-0.0134781161,0.00895114429,-0.857232869,0.514674664,0.157901168,0.000377906632,0.0849704295,0.102161787,-0.157257035,0.0606199875,-0.263156623,-0.128087744,-0.0826031715,0.200111717,0.107998736,0.180140376,-0.0960928202,-0.0764971897,0.0775320232,-0.139742747,0.30714196,-0.460401535,1.13991296,0.00326114404,-0.138999388,0.147777572,-1.09564149,-0.914926946,0.507097602,0.33656621,-0.473473758,0.0868756995,-0.687098503
-0.00409141462,0.860106826,0.900331676,-0.0134193795,0.00838289689,-0.856986701,0.515095592,0.158983856,0.00140251394,0.0858083442,0.101673648,-0.158834621,0.0607266463,-0.261286318,-0.127976388,-0.0843950436,0.198718056,0.103498116,0.177712947,-0.0940559655,-0.0758377165,0.0754016638,-0.141135767,0.310480982,-0.46474424,1.14284647,0.00253118249,-0.138098165,0.14852199,-1.1070925,-0.918278098,0.516021907,0.340330899,-0.484087914,0.0915456936,-0.69154799
-0.00431428198,0.859765947,0.900041819,-0.0131191853,0.00852058176,-0.85651046,0.515892565,0.160244286,0.00351917488,0.0845910534,0.10124065,-0.161611781,0.0596415885,-0.26083976,-0.126918465,-0.0857919529,0.201087356,0.0971753523,0.173204839,-0.0930588841,-0.0737558231,0.0742231905,-0.140829131,0.312135756,-0.465484202,1.14604056,0.00117615191,-0.136562139,0.146586746,-1.11676693,-0.920394599,0.520433784,0.343284905,-0.490083069,0.0955741033,-0.694260538
-0.00535377348,0.859382331,0.899893463,-0.0135854743,0.00893754419,-0.855976343,0.516759157,0.161809251,0.00621175766,0.0824587867,0.103450648,-0.164073542,0.061363712,-0.26008454,-0.124924116,-0.084389016,0.206849143,0.090310134,0.16787827,-0.0926169753,-0.0719157457,0.0724586248,-0.140320301,0.311900198,-0.464019507,1.14964867,-0.00405628933,-0.134126514,0.144178569,-1.12326574,-0.920935631,0.522250295,0.347992331,-0.487159818,0.0978996381,-0.69394964
-0.00605001254,0.858908057,0.899779737,-0.0143290628,0.00933212414,-0.855745018,0.517115116,0.161777124,0.00741515402,0.0786724016,0.107634775,-0.166993275,0.0628884807,-0.26201117,-0.12372674,-0.0819538087,0.215328515,0.0888463035,0.165793508,-0.0922843516,-0.0712078512,0.0710080639,-0.140968487,0.312682271,-0.464649886,1.15080333,-0.00258803833,-0.132477179,0.145106077,-1.12837613,-0.92169112,0.523389995,0.354369581,-0.484437108,0.100104593,-0.697579861
-0.0059957318,0.858432889,0.899645805,-0.0153708477,0.0087751206,-0.855840027,0.516937733,0.162711278,0.00860709511,0.0787764117,0.112544931,-0.169676244,0.063688606,-0.263944119,-0.122820407,-0.0803716332,0.225601763,0.0859964341,0.163438037,-0.0912193358,-0.0707190707,0.0692839995,-0.141608983,0.314344496,-0.463689089,1.15293479,-0.00211044308,-0.129795671,0.144627959,-1.13507974,-0.922461987,0.526078403,0.358599901,-0.484666228,0.102118485,-0.700043201
-0.00679504266,0.858022928,0.899648249,-0.0166783351,0.00869943481,-0.855792165,0.516977727,0.164107725,0.00985009968,0.0779114962,0.117922001,-0.171939552,0.0638825446,-0.26606968,-0.122330613,-0.0802495405,0.238349855,0.0845258385,0.162804544,-0.0912025571,-0.0691657439,0.0676355287,-0.141335577,0.314676881,-0.462527633,1.15376568,-0.00140250265,-0.128028408,0.14476949,-1.14135075,-0.92404002,0.525212049,0.359671801,-0.481656134,0.102066696,-0.704339683
-0.00900675822,0.857780099,0.899608433,-0.0174018443,0.0089451028,-0.855820656,0.516902447,0.166351333,0.010344795,0.0778538436,0.122091845,-0.173219413,0.0643217564,-0.265966356,-0.122917272,-0.082529135,0.24727121,0.0802146196,0.162296385,-0.0907375067,-0.0680271387,0.0646474212,-0.139133304,0.313207567,-0.459662616,1.15527272,-0.00392624782,-0.126877636,0.143857807,-1.14642179,-0.92769444,0.522167742,0.355925053,-0.478358746,0.101296738,-0.707533896
-0.0101072593,0.857559323,0.899633169,-0.0180807337,0.00840638485,-0.855702937,0.517083049,0.169061437,0.0112167653,0.0781911835,0.125459641,-0.173450753,0.0626842603,-0.266516715,-0.123687655,-0.0860106796,0.258138984,0.0760995895,0.161487907,-0.090543285,-0.0656440035,0.0609722883,-0.135806262,0.315439671,-0.460719228,1.1556741,-0.00147429621,-0.127274111,0.143695384,-1.15431309,-0.931435049,0.520775974,0.351925522,-0.484257668,0.103562482,-0.7146613
-0.0110801635,0.857429683,0.89965719,-0.0184096862,0.00818963815,-0.855650365,0.517161906,0.170997426,0.0124791916,0.0766117424,0.128187805,-0.173448354,0.0625907406,-0.266695082,-0.123108342,-0.0873225853,0.266119659,0.0709372014,0.159085304,-0.0911114588,-0.0628977045,0.0588794164,-0.133517578,0.317258328,-0.462446481,1.1574899,-0.00261683785,-0.127855211,0.144213319,-1.16278839,-0.936635613,0.518754065,0.346582085,-0.489592105,0.10622523,-0.722801685
-0.0128786117,0.857468307,0.899710119,-0.0187926199,0.00822812878,-0.855207801,0.517879069,0.173099354,0.0129344175,0.0768617466,0.13043873,-0.172755241,0.0629063845,-0.264466941,-0.124295101,-0.0901634917,0.270141214,0.0666356161,0.157453671,-0.09248849,-0.0607564263,0.055670917,-0.131461784,0.317881018,-0.465734035,1.15814328,-0.00381641043,-0.127629429,0.142507136,-1.17147243,-0.944326103,0.517791033,0.340386599,-0.492057204,0.109084561,-0.728029311
-0.0144562414,0.857662678,0.899849176,-0.0192145985,0.00832417421,-0.85431236,0.519337952,0.174458817,0.0133193871,0.0775176212,0.132227004,-0.172157586,0.0598674119,-0.261607438,-0.125984356,-0.0922722816,0.272060394,0.063680388,0.157302156,-0.0931575,-0.0600580834,0.0512075759,-0.131205752,0.31958729,-0.469452441,1.15718365,0.00157565484,-0.128731951,0.140717611,-1.18119824,-0.953093529,0.518000066,0.334961861,-0.493136555,0.11065869,-0.731376588
-0.0159027278,0.857996941,0.899869621,-0.0186621919,0.00827318244,-0.853948891,0.519956291,0.175876856,0.0129333334,0.0758089051,0.131765768,-0.170977399,0.0572528653,-0.258422077,-0.126777232,-0.0931359604,0.269605577,0.0584966093,0.155949727,-0.0948542207,-0.0590673573,0.0483969115,-0.129530072,0.323156923,-0.473805577,1.15839219,0.00490671676,-0.129962564,0.143549144,-1.19381404,-0.962570608,0.521252036,0.332098901,-0.498539269,0.113151088,-0.737796187
-0.0177794136,0.858524203,0.899863183,-0.0177903697,0.0081843799,-0.853314519,0.521028638,0.17847997,0.0120759951,0.0757168829,0.128487736,-0.169219464,0.0550351627,-0.253096461,-0.129190892,-0.0981008187,0.263832837,0.0509222671,0.154730842,-0.0950815529,-0.0586170964,0.044605244,-0.129129618,0.324997216,-0.4748905,1.15888786,0.00256510964,-0.131508067,0.144918144,-1.20457888,-0.972017467,0.526156425,0.329579979,-0.503353655,0.116344355,-0.742053688
-0.0194639731,0.859059811,0.900004983,-0.0171724707,0.00792990997,-0.852848291,0.521816075,0.181515485,0.0115536582,0.0760257989,0.125417501,-0.165312037,0.0524271019,-0.247095481,-0.130557194,-0.100945525,0.257486641,0.0441983864,0.154704183,-0.0952120796,-0.0570981465,0.0406615399,-0.128744751,0.326960027,-0.481061876,1.15998268,0.00195221801,-0.134509787,0.143228918,-1.21820569,-0.976078928,0.529741943,0.335211515,-0.507720292,0.122615017,-0.748288989
-0.0201379675,0.85964483,0.900103092,-0.0170355514,0.00769398222,-0.852011979,0.523188472,0.183760971,0.0100304531,0.0745693445,0.120699234,-0.163540497,0.0497555621,-0.241847605,-0.133146748,-0.104417041,0.24967818,0.0428307243,0.155483514,-0.0936930627,-0.0572263561,0.0375241078,-0.133306652,0.327144533,-0.483731091,1.16023839,0.000104221821,-0.137189567,0.144833773,-1.22973537,-0.977561057,0.533572733,0.343527675,-0.503188074,0.125069752,-0.755234718
-0.0206282455,0.860166788,0.900165021,-0.016849149,0.0073100524,-0.851067066,0.52473563,0.185444668,0.00828760117,0.0741159692,0.116667442,-0.16159308,0.0472055487,-0.236026108,-0.136486053,-0.109390154,0.240296543,0.042678494,0.157774061,-0.0919780806,-0.0571845658,0.0347187445,-0.138471067,0.328159571,-0.487437874,1.15916049,0.000864155125,-0.139790624,0.148423105,-1.24101472,-0.977534652,0.538760006,0.352857739,-0.501645207,0.127700791,-0.761920333
-0.0213211868,0.860648215,0.900146067,-0.0168246683,0.00704997359,-0.850241661,0.526076436,0.187686563,0.00708847633,0.0737208873,0.112728894,-0.16060403,0.0455964468,-0.229451388,-0.138647065,-0.112543322,0.230084568,0.0415790863,0.160875097,-0.090564467,-0.0569218658,0.032160528,-0.142786577,0.327724397,-0.48976326,1.1589483,0.000139378099,-0.142476305,0.150862545,-1.25167978,-0.974961936,0.542083561,0.36632058,-0.494030386,0.128286302,-0.765782714
-0.0211748686,0.860888183,0.900140584,-0.0172893126,0.00641536759,-0.85002923,0.526412666,0.189051032,0.00543303601,0.0739499852,0.111211002,-0.159966931,0.0441738889,-0.224911913,-0.140531644,-0.114814013,0.222563431,0.043364197,0.164095551,-0.0887700096,-0.0579764657,0.02990379,-0.146594882,0.328746825,-0.491554797,1.15766668,0.00087503891,-0.146431699,0.155470654,-1.26327634,-0.973344862,0.549386919,0.382416666,-0.493436635,0.128897294,-0.769774497
-0.0206974167,0.860972524,0.900099874,-0.017867215,0.00583980093,-0.849430561,0.527365506,0.190510258,0.00432777684,0.0726493374,0.108895279,-0.15994294,0.0431133434,-0.2215271,-0.142171502,-0.11588385,0.217796892,0.0448422693,0.165375367,-0.0879021809,-0.0578581467,0.0280046202,-0.150291696,0.329221487,-0.494438052,1.15626502,0.0016695091,-0.148189306,0.158498764,-1.2728163,-0.970014453,0.556330144,0.396773428,-0.487458825,0.12853238,-0.771698654
-0.0212516524,0.860989749,0.899833143,-0.0177888907,0.00557469903,-0.848873854,0.528266668,0.192196801,0.00358755258,0.0713978112,0.107040621,-0.161261842,0.0425164141,-0.216721386,-0.144004881,-0.120469749,0.21120204,0.0413501933,0.164590538,-0.086931318,-0.0581992939,0.025820652,-0.152067646,0.329403341,-0.498072445,1.15716469,-0.000669536705,-0.148204356,0.159951642,-1.28179038,-0.967060864,0.562146783,0.412414044,-0.476530731,0.127652302,-0.771705866
-0.020932164,0.86075455,0.899683237,-0.0182743575,0.00514036743,-0.848718107,0.52850467,0.193647563,0.00393649284,0.0704389215,0.106819183,-0.162890643,0.0431476496,-0.2159217,-0.144159555,-0.122318767,0.212712184,0.0403047912,0.163981646,-0.0853422806,-0.0578097217,0.0239337534,-0.153513312,0.329483092,-0.498239219,1.15811598,-0.00511747273,-0.148232207,0.162541419,-1.28891921,-0.962297261,0.566744149,0.425594717,-0.468538105,0.127424583,-0.775244534
-0.0212131236,0.860427618,0.899472773,-0.0184906106,0.0053546885,-0.848428786,0.528959334,0.194848374,0.00570919411,0.0690077245,0.107088462,-0.165401623,0.0450605229,-0.215986386,-0.143204406,-0.123916849,0.216634586,0.036564745,0.161538824,-0.0854341015,-0.0566544347,0.0229316223,-0.153815612,0.329513669,-0.497218072,1.15970623,-0.0115447696,-0.147777334,0.161248952,-1.29525864,-0.958958983,0.568608165,0.433073848,-0.463079602,0.126766145,-0.778448462
-0.0216931682,0.860014677,0.899360836,-0.0188830234,0.00604142761,-0.848310649,0.529127538,0.196200237,0.00833267998,0.0672209337,0.1073623,-0.16833505,0.0470107831,-0.218951568,-0.141526788,-0.125553146,0.226490483,0.034436129,0.15999195,-0.086924836,-0.0546120591,0.0231292322,-0.153575435,0.329503387,-0.493753076,1.16165042,-0.0184600186,-0.146740973,0.160529077,-1.29880154,-0.956888497,0.568460703,0.434120595,-0.458306223,0.125545919,-0.781625688
-0.0221469831,0.859574199,0.899287403,-0.0193259586,0.00663340837,-0.847819388,0.529891372,0.197401389,0.0105525982,0.0650970489,0.107381538,-0.17051363,0.0492413491,-0.222212285,-0.140587702,-0.12596859,0.237277314,0.0328447968,0.1566021,-0.0888406336,-0.0526101328,0.022535732,-0.154026702,0.329689503,-0.490197569,1.16287029,-0.0248471126,-0.145671472,0.158516079,-1.29979682,-0.957713664,0.567850471,0.43198666,-0.458949119,0.125381842,-0.785277545
-0.0221128147,0.859119654,0.899208784,-0.0198332015,0.00710197352,-0.847345352,0.530624211,0.196584836,0.0132265789,0.0625745654,0.111108154,-0.173409998,0.0509481989,-0.225606382,-0.138707832,-0.124246448,0.247671098,0.0310142525,0.15210177,-0.0924277082,-0.0512404442,0.0230156481,-0.154392794,0.332439572,-0.488734692,1.16187513,-0.0263552852,-0.144900411,0.155289099,-1.30008256,-0.961632133,0.568469703,0.424580455,-0.46752733,0.126655638,-0.789630115
-0.022474695,0.858726978,0.899255157,-0.0207314938,0.00766275218,-0.847774267,0.529896438,0.196950302,0.0152436867,0.0606294014,0.114864126,-0.175413623,0.051885251,-0.230645955,-0.136532754,-0.122501336,0.261273682,0.0323581845,0.152028069,-0.0944962502,-0.0491010062,0.0236366857,-0.153986573,0.333254516,-0.486357361,1.16202807,-0.0249974784,-0.141999617,0.155148268,-1.29848146,-0.962787509,0.564423978,0.418493748,-0.466989458,0.12897557,-0.791576207
-0.0228759795,0.8585186,0.899254501,-0.0205605198,0.00829005055,-0.847602427,0.530168593,0.196313649,0.0179713648,0.0616276301,0.117283061,-0.176873788,0.0503081791,-0.234104618,-0.134771317,-0.122142129,0.269929677,0.0303660426,0.148725614,-0.0974027589,-0.0481209606,0.024523003,-0.153064907,0.335598588,-0.482019126,1.16119456,-0.024394732,-0.140745088,0.155374244,-1.2965529,-0.969069839,0.560613096,0.40596211,-0.472587466,0.129319161,-0.795551717
-0.0222638454,0.858355999,0.899290562,-0.0212700125,0.00805939734,-0.848137736,0.529287279,0.196988523,0.0184063464,0.0614019223,0.118305854,-0.177281663,0.0518820584,-0.237327114,-0.133739844,-0.120532602,0.276989788,0.0333790667,0.150284544,-0.0986836925,-0.0467427261,0.023272112,-0.153125241,0.337027907,-0.480415612,1.16025567,-0.0229358301,-0.140263528,0.154646412,-1.29386735,-0.96975112,0.558255017,0.401032507,-0.47467342,0.130649462,-0.795452774
-0.0220818892,0.858356476,0.899329424,-0.0215402097,0.00787516963,-0.848242104,0.529111862,0.197182983,0.0189664643,0.0623924397,0.119761631,-0.177196458,0.0516957603,-0.237851739,-0.1339003,-0.122679025,0.279977322,0.0332628787,0.151315004,-0.100184113,-0.0466926023,0.0220812261,-0.153052792,0.338600576,-0.479613423,1.16020656,-0.0231928155,-0.140615687,0.154576451,-1.29239523,-0.973243415,0.556183577,0.396313757,-0.476548851,0.131233186,-0.797678053
-0.0215626974,0.858440518,0.899434984,-0.0221309029,0.00783220399,-0.84841454,0.528811514,0.198117837,0.018919671,0.0606796108,0.118434533,-0.177345961,0.0521174781,-0.238876984,-0.133106425,-0.120902784,0.281786889,0.036870271,0.152365789,-0.101579256,-0.0462201908,0.0205378383,-0.153684214,0.339615285,-0.480253071,1.15931642,-0.0212044753,-0.141649827,0.15641357,-1.29054964,-0.97387737,0.555511355,0.395051152,-0.474619061,0.130356684,-0.798921466
-0.0213637408,0.858669817,0.89949882,-0.022185009,0.00747884437,-0.848804176,0.528188765,0.19928357,0.018267395,0.0614436269,0.11688298,-0.176168799,0.0515726618,-0.238325834,-0.13330999,-0.121359982,0.280360609,0.0378978737,0.15435347,-0.10250935,-0.046096731,0.0185103789,-0.153155163,0.340676069,-0.48132658,1.15981579,-0.0193743948,-0.142779067,0.156347305,-1.28978062,-0.974808991,0.556804776,0.392742664,-0.470548868,0.127537742,-0.797640085
-0.0218667071,0.858984232,0.89957881,-0.0219938327,0.00746646523,-0.849083304,0.527748108,0.200627536,0.0169720165,0.062743485,0.114006385,-0.174420059,0.0505307019,-0.23670423,-0.13416481,-0.122014791,0.276220798,0.0385922343,0.157098711,-0.102893747,-0.0458330736,0.0163063835,-0.152323201,0.339946568,-0.482857764,1.15933812,-0.0161214955,-0.144540533,0.159262165,-1.28874969,-0.975743473,0.556185842,0.394332409,-0.467059165,0.126106009,-0.797653437
-0.021983264,0.859322131,0.899641812,-0.0219740458,0.00740484102,-0.849140346,0.527658045,0.200911477,0.0150503609,0.0616445802,0.111817636,-0.173125938,0.0509929471,-0.23428604,-0.135078326,-0.120928437,0.269195676,0.0412574746,0.159544274,-0.102699138,-0.0460273214,0.0148253776,-0.153270736,0.338438272,-0.485581011,1.15872467,-0.0131474743,-0.146891877,0.161119878,-1.28810847,-0.975761056,0.556293309,0.399523735,-0.460507512,0.123482667,-0.79682672
-0.021590773,0.859657705,0.899699509,-0.0217066817,0.00691035064,-0.849411249,0.527239621,0.201445431,0.0125340661,0.0609551296,0.108380891,-0.171002015,0.0503021367,-0.231716782,-0.136545226,-0.121326253,0.260755241,0.0434207544,0.162099198,-0.101578116,-0.0464131869,0.0133221475,-0.154779613,0.33752197,-0.487904131,1.1598649,-0.0113221277,-0.149446815,0.163862973,-1.28963923,-0.974504054,0.558897018,0.407539606,-0.456376761,0.122054607,-0.795534134
-0.0205842704,0.859979272,0.899698913,-0.0214641672,0.00589667633,-0.849490821,0.527133644,0.201564834,0.00950402953,0.0608082935,0.105461448,-0.168919712,0.0490278974,-0.228977695,-0.138806239,-0.121412076,0.251754016,0.0457551926,0.164074585,-0.0999199897,-0.0473454706,0.011697175,-0.158185482,0.337477982,-0.493478477,1.1610018,-0.00734774489,-0.151468396,0.166522041,-1.29223287,-0.971454918,0.56377089,0.419562906,-0.45166555,0.12167941,-0.791775823
-0.019713521,0.860277116,0.899621546,-0.0210870896,0.00497287558,-0.849919081,0.526467621,0.202076152,0.0066391225,0.0623617843,0.10196659,-0.167277157,0.0483279862,-0.226333261,-0.140598446,-0.121702984,0.242062435,0.0476410538,0.167604923,-0.0979814529,-0.0487603396,0.0113146063,-0.161037058,0.337134063,-0.497343779,1.16208112,-0.00567039382,-0.153101608,0.169581294,-1.29577684,-0.967603266,0.568749189,0.432055026,-0.443084896,0.119230345,-0.787590981
-0.0180779081,0.860394239,0.899514675,-0.0211160649,0.00378920138,-0.850502193,0.525533795,0.20200707,0.00346188899,0.0631656498,0.0995441526,-0.166375607,0.0477349944,-0.224596605,-0.142402083,-0.121628888,0.23337099,0.0517582782,0.171459332,-0.0958371758,-0.04979451,0.0113764945,-0.16509366,0.337354392,-0.502204478,1.162202,-0.00210125046,-0.154543847,0.17263405,-1.30022144,-0.961356044,0.572657228,0.448744923,-0.433193117,0.117622852,-0.785061121
-0.0166507103,0.860433042,0.89937669,-0.0215829909,0.00314865122,-0.851268411,0.524277031,0.202915236,0.000517625071,0.0628522485,0.0952130929,-0.166705534,0.0491139442,-0.223999411,-0.14312607,-0.119244441,0.226248041,0.0580108017,0.175497666,-0.0944827721,-0.0509871766,0.0128825726,-0.169729084,0.336755455,-0.505829334,1.16163576,-0.000419261458,-0.154945612,0.17385073,-1.30460238,-0.954798818,0.575807571,0.465948641,-0.420303345,0.115435101,-0.781766236
-0.0152234249,0.860390902,0.899253666,-0.0215046797,0.00268555363,-0.85158819,0.523763239,0.203296304,0.000224556483,0.0639563799,0.092188634,-0.167518452,0.0482680872,-0.224618956,-0.142982423,-0.119872935,0.223788947,0.0601060018,0.177181318,-0.0934535637,-0.0510896146,0.0144747486,-0.172369495,0.338255763,-0.505597472,1.16226411,-0.00120207143,-0.155155063,0.173740596,-1.31087315,-0.951625526,0.58067733,0.474193424,-0.416348994,0.112156808,-0.781962752
-0.0139738843,0.860214055,0.899200141,-0.0216246136,0.00273371278,-0.851560295,0.523803353,0.202575117,0.000330917421,0.0622010604,0.0905214474,-0.168768764,0.0485287271,-0.22733593,-0.142645195,-0.119248636,0.225821167,0.0634859726,0.177227855,-0.0939404294,-0.0502297506,0.0174655337,-0.175902352,0.338613212,-0.50406146,1.16119909,-0.00354985101,-0.154316813,0.170463294,-1.31328821,-0.950328588,0.583413303,0.478660107,-0.411153793,0.108869985,-0.782020986
-0.0125161298,0.859949172,0.89920491,-0.0220503639,0.00262061786,-0.851776123,0.523435116,0.200990587,0.000252367056,0.0608633198,0.0913277343,-0.169631019,0.0493630767,-0.231289759,-0.141720295,-0.115268208,0.230102673,0.0680055246,0.176963538,-0.0951051265,-0.0490601324,0.0216404796,-0.180605829,0.339690536,-0.502600491,1.15940523,-0.00410389155,-0.153095424,0.167630643,-1.31337857,-0.948856533,0.583519936,0.479959786,-0.409455389,0.107923545,-0.784949124
-0.0100664422,0.859596312,0.899365067,-0.022924535,0.00240390957,-0.851793468,0.523370385,0.197262958,0.00192438648,0.0587788858,0.0967340842,-0.170985043,0.0506231524,-0.237632468,-0.139451846,-0.110155448,0.240150586,0.0744805112,0.175539151,-0.0986666307,-0.0474626049,0.0265661031,-0.1855295,0.342316985,-0.498973668,1.15773058,-0.00779143022,-0.150603324,0.167689666,-1.31018209,-0.950712383,0.582527518,0.472931266,-0.413719267,0.106168792,-0.789391637
-0.00882718712,0.85934037,0.899519682,-0.0234427378,0.00271021039,-0.852148235,0.52276814,0.193784818,0.00285870815,0.0584295839,0.10167893,-0.171947345,0.0514855646,-0.243726686,-0.137851954,-0.106422469,0.248879999,0.0804232433,0.175979614,-0.103141837,-0.0456228815,0.0327367634,-0.189135253,0.344315588,-0.493539602,1.15415549,-0.00675926497,-0.148814946,0.166431278,-1.30352616,-0.956950963,0.577880919,0.458513319,-0.421179146,0.104574315,-0.792739809
-0.00879609026,0.859236896,0.899700284,-0.0229242481,0.00363472267,-0.852152884,0.522777915,0.189950481,0.00548407715,0.0575716794,0.106888883,-0.172239482,0.0516131856,-0.248237312,-0.135312468,-0.10452541,0.256026328,0.0797490254,0.173811108,-0.107252546,-0.0436032638,0.0383093283,-0.190315947,0.347630352,-0.490118414,1.1521163,-0.00636227988,-0.146276936,0.165853724,-1.29526269,-0.968091667,0.571971595,0.439172149,-0.429834634,0.103504054,-0.792163193
-0.00793882739,0.859140098,0.899891496,-0.0234098192,0.00417505158,-0.852268994,0.522562981,0.18874824,0.00672826869,0.0556202345,0.107255913,-0.172671497,0.0529880188,-0.253773928,-0.132803977,-0.0985944867,0.264161706,0.0855374411,0.173887506,-0.111380443,-0.0414268523,0.0422248207,-0.19252944,0.350258201,-0.489898384,1.14848077,-0.00519196596,-0.143627748,0.165274143,-1.28463244,-0.973820567,0.564282358,0.42407614,-0.435458422,0.105387084,-0.793629885
-0.00867193379,0.859242022,0.900058031,-0.0230589062,0.00506603625,-0.852703869,0.521860838,0.18761836,0.00766834337,0.0575426444,0.108365417,-0.172017783,0.0528249852,-0.256633461,-0.131401613,-0.0970105231,0.267664433,0.0867385045,0.175175637,-0.114819057,-0.0400520973,0.0457984619,-0.191566437,0.352103412,-0.489063233,1.1463083,-0.0022918731,-0.141924709,0.164731652,-1.27565324,-0.980579734,0.555842578,0.408353418,-0.441220134,0.107001849,-0.793684006
-0.00927962922,0.859447539,0.900240302,-0.0227601212,0.00596488826,-0.853186369,0.521075249,0.187480837,0.00786374696,0.0569822192,0.106627889,-0.171201602,0.053218659,-0.259587139,-0.129905611,-0.0944405943,0.269995183,0.0905046165,0.177112594,-0.117243856,-0.0386627503,0.0473729707,-0.189831674,0.353047252,-0.488547981,1.14370978,-8.98906535e-07,-0.141938657,0.162100405,-1.26599181,-0.98433286,0.547131121,0.395002753,-0.442138016,0.106778041,-0.794694483
-0.00967837125,0.859775126,0.900364637,-0.0219727773,0.00656637736,-0.85348016,0.520620525,0.187144712,0.00757415593,0.0579312034,0.103766352,-0.169773251,0.0524422899,-0.261333555,-0.129944995,-0.0947893634,0.26897797,0.0930122286,0.178649515,-0.119499288,-0.0379193053,0.0478531383,-0.188074991,0.355738401,-0.490792632,1.1415205,0.00716467015,-0.143524826,0.159962699,-1.25715041,-0.989438236,0.542171896,0.380694389,-0.446918398,0.105443634,-0.794071257
-0.00992712751,0.860139668,0.900642514,-0.0212850459,0.00681674434,-0.853896141,0.519963264,0.18644321,0.00728469901,0.0579152443,0.102952689,-0.166599467,0.0512981005,-0.262619883,-0.129613698,-0.0948106721,0.268424213,0.0955139101,0.180355325,-0.120127596,-0.0378388911,0.0482889488,-0.186102092,0.357831001,-0.492753208,1.1415956,0.0118711861,-0.144272119,0.160174459,-1.25092614,-0.991629124,0.538368702,0.370799065,-0.446290195,0.103375509,-0.792292714
-0.00986449514,0.860633135,0.900847137,-0.0203943793,0.00705995969,-0.853957295,0.519895375,0.185560465,0.00658364547,0.0593156926,0.0997609869,-0.163986087,0.049673643,-0.262512028,-0.130414143,-0.0962110013,0.263358563,0.097454533,0.181896046,-0.119810797,-0.038376376,0.0479032174,-0.185725063,0.358260781,-0.493488133,1.14098001,0.0143387495,-0.146477222,0.159347117,-1.24397063,-0.994311869,0.535142958,0.364509851,-0.44388333,0.101015389,-0.790076017
-0.0095196832,0.861069739,0.901043534,-0.0196069609,0.00722956797,-0.854329467,0.519311547,0.184257388,0.00530311512,0.0614849553,0.0969153643,-0.161276266,0.0487349331,-0.2626656,-0.131337449,-0.0980181545,0.257397681,0.101020485,0.18515721,-0.117864065,-0.0392772704,0.0480646677,-0.186634347,0.358029574,-0.495188028,1.14062011,0.0179401841,-0.14903219,0.159753665,-1.2387439,-0.995609045,0.532487154,0.361793846,-0.44203794,0.0983432233,-0.786918581
-0.00893697329,0.861454129,0.901220858,-0.0189463552,0.00705473218,-0.854925692,0.518356383,0.182888269,0.00306417281,0.0637550205,0.0943796933,-0.157920867,0.0477502234,-0.262634039,-0.132813916,-0.0991817191,0.250299871,0.10582719,0.188591555,-0.114797719,-0.0409331992,0.0495397523,-0.188545555,0.357631296,-0.496311337,1.13913929,0.0205533393,-0.150660381,0.161998495,-1.23408091,-0.993694484,0.529448569,0.362472743,-0.43508485,0.0950166062,-0.784521818
-0.00826544408,0.86177659,0.90126133,-0.0177497361,0.00708970986,-0.855320036,0.517747283,0.181297779,0.00183781795,0.0639853552,0.0909445658,-0.155771568,0.0471339077,-0.262452692,-0.133180365,-0.100106165,0.242129967,0.107921332,0.189665288,-0.110961668,-0.0432082005,0.0511085019,-0.18968378,0.358804703,-0.497517437,1.13781476,0.019943485,-0.153237373,0.163255319,-1.23184752,-0.992184579,0.527818084,0.365177184,-0.434402764,0.0941791087,-0.785178483
-0.00682312995,0.861923158,0.901301861,-0.0167366434,0.00659730472,-0.856051385,0.516577601,0.178006545,-1.51015738e-05,0.0642518178,0.0909237489,-0.153601095,0.0466913395,-0.26330322,-0.133882269,-0.101500459,0.235366538,0.110424116,0.191420317,-0.105180673,-0.046192091,0.054596886,-0.192976385,0.360375881,-0.498192996,1.13703024,0.0217626803,-0.154437542,0.167031527,-1.23110759,-0.986692727,0.526018143,0.373249263,-0.43189472,0.094561018,-0.787428975
-0.0059746406,0.861975968,0.901378632,-0.0159281511,0.00674309209,-0.856199205,0.516356289,0.17409724,-0.000799898349,0.061271701,0.092368789,-0.152324989,0.047177393,-0.26408276,-0.133490741,-0.0996604338,0.230357528,0.112048358,0.190793321,-0.10107328,-0.0489066616,0.0594726317,-0.196036652,0.360999376,-0.496958494,1.13634026,0.0223879721,-0.155361921,0.168735474,-1.22973669,-0.981536329,0.522984982,0.38214314,-0.426556289,0.0946414471,-0.787703931
-0.00350254215,0.861821353,0.901360035,-0.0157182273,0.00595073588,-0.857306004,0.514532685,0.171609238,-0.00182708038,0.0599688366,0.0926821604,-0.150914475,0.0502084941,-0.266825616,-0.13220714,-0.0982105732,0.227749154,0.11760404,0.191511095,-0.0956833363,-0.0529172085,0.0650383234,-0.197865009,0.364066929,-0.494078934,1.13396263,0.0160630401,-0.157797098,0.16747728,-1.23176241,-0.975427747,0.525254667,0.391267121,-0.42687887,0.0943510756,-0.787177563
-0.00159115635,0.861631095,0.901443481,-0.0152041987,0.00541268708,-0.857962012,0.513459563,0.166739851,-0.00213774503,0.0576438196,0.0978606045,-0.149395227,0.0540650897,-0.270449966,-0.130861714,-0.0957033113,0.228978187,0.119576313,0.189241424,-0.0892256945,-0.0547643751,0.0723412558,-0.199460238,0.364060014,-0.492476046,1.13407326,0.00924994331,-0.157278985,0.172280014,-1.23075664,-0.966929793,0.52431637,0.402891308,-0.42879954,0.0961136669,-0.788492441
0.00211903593,0.861223876,0.901614785,-0.0161899552,0.00446869386,-0.858821929,0.511998832,0.160269961,-0.00254518422,0.0525423028,0.106843114,-0.148813754,0.0595370196,-0.27689448,-0.128590837,-0.0906276926,0.235562712,0.128853112,0.189951733,-0.0837050155,-0.0568912402,0.078868784,-0.199369863,0.360670537,-0.489661843,1.13417995,0.0057169022,-0.154995203,0.177414015,-1.22741306,-0.956153095,0.520683706,0.417401671,-0.428145677,0.0990702361,-0.790293694
0.0042414153,0.860945463,0.901800811,-0.0167171564,0.00441131787,-0.859589219,0.510693073,0.154557958,-0.00228100433,0.0521182157,0.114420652,-0.148278505,0.0618018359,-0.282289714,-0.126633272,-0.086809434,0.240225255,0.136682361,0.191656828,-0.0785678551,-0.0601835065,0.0863593146,-0.196401939,0.356654197,-0.485096544,1.13420284,0.00366190937,-0.153057739,0.179741055,-1.22153926,-0.94816488,0.516213953,0.423339546,-0.427990735,0.0990821272,-0.790195584
0.00588830514,0.860703349,0.902063072,-0.0172957312,0.0045849923,-0.861014843,0.508264899,0.14775455,-0.00258083362,0.0524164923,0.124504618,-0.146610484,0.0663470924,-0.288103372,-0.123836182,-0.0811568275,0.244316101,0.145579413,0.19361119,-0.0740447864,-0.0623854101,0.0940997079,-0.190141022,0.349136263,-0.473554373,1.13447869,0.00217774464,-0.149357185,0.182304457,-1.21095645,-0.939969659,0.507699192,0.42581439,-0.424883544,0.0982854515,-0.784811139
0.0083268201,0.860507786,0.902322412,-0.0183281265,0.00447486481,-0.861994743,0.506565988,0.142964378,-0.00254621683,0.0535249151,0.130392537,-0.145538718,0.0680380687,-0.29384014,-0.121845126,-0.0771633983,0.249117747,0.156259462,0.19702059,-0.0731002688,-0.0643659607,0.0995033234,-0.184166089,0.344671428,-0.466289431,1.13639915,0.00221069925,-0.144951522,0.186846942,-1.20044482,-0.929935098,0.498944134,0.428141296,-0.41440174,0.0949720293,-0.781163037
0.0088111693,0.860503852,0.902558804,-0.0191127416,0.00523873372,-0.862818062,0.505125999,0.140219688,-0.00245578028,0.0551992878,0.133701608,-0.145401955,0.0689445883,-0.298052907,-0.120065585,-0.0734293163,0.252676338,0.165057793,0.201959208,-0.0744105205,-0.0656123683,0.105189651,-0.176337346,0.342377067,-0.458731204,1.13766217,0.0048030857,-0.143243656,0.187909514,-1.18990791,-0.924182296,0.490276515,0.426153541,-0.407652706,0.0900934562,-0.776897013
0.00999391731,0.860610127,0.902680457,-0.0194322821,0.00548464758,-0.863413811,0.504092157,0.137927368,-0.00278993975,0.0583041422,0.13388291,-0.145117208,0.0690309703,-0.300681084,-0.11932338,-0.071268782,0.251594245,0.171724036,0.205884948,-0.0749689117,-0.0672280565,0.109549358,-0.170457095,0.339975744,-0.45160228,1.14038146,0.00566262379,-0.140974969,0.189948827,-1.17884696,-0.919279456,0.482021242,0.422400236,-0.402284384,0.0872273594,-0.77465719
0.00998299103,0.860832274,0.902798176,-0.0191408377,0.00631611189,-0.863906264,0.503249168,0.136565074,-0.00318016508,0.0616497695,0.131787971,-0.144767299,0.0690573975,-0.302345991,-0.119284987,-0.0717355162,0.248677477,0.176414043,0.20892106,-0.0754050612,-0.0683385357,0.11257337,-0.164975077,0.336715311,-0.446551979,1.14254642,0.00793567579,-0.139876768,0.190289706,-1.16774631,-0.916572154,0.473169863,0.416979551,-0.400285661,0.0854875669,-0.773745835
0.00916067697,0.861204267,0.902888834,-0.0186930429,0.00735343993,-0.864554465,0.502137482,0.135694593,-0.00417721877,0.0648313388,0.129185244,-0.144189328,0.0705894902,-0.302924424,-0.119249843,-0.0714730397,0.243668288,0.180278465,0.212680414,-0.0764025226,-0.0698965415,0.11567957,-0.160182267,0.333175868,-0.44138822,1.14495778,0.00996921398,-0.139553145,0.18806538,-1.15637398,-0.916397095,0.466288656,0.409748316,-0.39865759,0.0833546445,-0.765930831
0.00955030415,0.861602247,0.903033614,-0.0183423329,0.008011939,-0.864835262,0.501656651,0.135097727,-0.00509473449,0.0658681244,0.124065623,-0.143301353,0.0701230541,-0.303934664,-0.118989237,-0.069856286,0.238508642,0.185405195,0.214499012,-0.0771406814,-0.0702262074,0.117183372,-0.157914177,0.331129551,-0.439811856,1.14640749,0.0113845523,-0.140530974,0.1844787,-1.1474942,-0.912786067,0.458490312,0.4041152,-0.393527329,0.0799198821,-0.763023853
0.00905422773,0.862115085,0.903123915,-0.0169305056,0.00889146328,-0.865195155,0.501070499,0.13520062,-0.00576617708,0.0678734034,0.116830565,-0.141421616,0.0695870891,-0.303313106,-0.119028226,-0.0711020306,0.229243368,0.187519073,0.216139331,-0.0785727128,-0.0711945444,0.118158594,-0.154021874,0.330800354,-0.438154906,1.14772499,0.0127255917,-0.140713796,0.181348577,-1.14004397,-0.910935223,0.452440143,0.395383477,-0.388311982,0.0766111314,-0.760892987
0.00793046318,0.862701237,0.903319955,-0.0154407397,0.0102346344,-0.865321517,0.500874698,0.134696901,-0.00634978339,0.0684031993,0.110345788,-0.138455644,0.0703753754,-0.301963717,-0.118941508,-0.0714879707,0.219013572,0.189588681,0.216545656,-0.0804980323,-0.0727167279,0.12042287,-0.152229235,0.330147058,-0.440436214,1.14951169,0.0180594232,-0.142372087,0.179236442,-1.13359928,-0.910826683,0.447996318,0.387537837,-0.382795244,0.071547538,-0.756091416
0.00758094667,0.863286555,0.903460026,-0.0140898339,0.0108570727,-0.865370989,0.500815928,0.13586998,-0.00683176983,0.0710520297,0.101438925,-0.135205433,0.0697490424,-0.300205112,-0.119425438,-0.0733217597,0.209082574,0.190891862,0.217119947,-0.0810965002,-0.074559696,0.121762753,-0.150936708,0.330752671,-0.44232443,1.15042889,0.0170099866,-0.145027772,0.177482605,-1.13091397,-0.911684096,0.446933538,0.382959664,-0.382523894,0.0694508031,-0.754342556
0.00661532488,0.86382103,0.903539836,-0.0125831719,0.011717163,-0.865363061,0.500850379,0.136583582,-0.00773602771,0.0717131793,0.0937193856,-0.132392481,0.0678743348,-0.297410846,-0.119931385,-0.074193351,0.197319463,0.191228494,0.217572898,-0.0815118849,-0.0761297122,0.123531953,-0.149522886,0.329787672,-0.443502307,1.15239811,0.0135248378,-0.147969395,0.176526725,-1.13040149,-0.911920071,0.446011692,0.381553024,-0.381406486,0.0676898062,-0.755597413
0.0070828544,0.864180923,0.903721392,-0.0116817364,0.012448146,-0.865187407,0.501157939,0.136263981,-0.0072932723,0.0716207549,0.0871195644,-0.130128607,0.0662649572,-0.297617376,-0.119258858,-0.0738585964,0.19113344,0.194631144,0.216878414,-0.0813188702,-0.0782371685,0.125759691,-0.150950983,0.331124008,-0.447267145,1.15381885,0.00888501573,-0.151175871,0.178779468,-1.13316,-0.910535574,0.448249578,0.384738296,-0.379291624,0.0674125701,-0.758702636
0.00768804597,0.864370704,0.903880477,-0.010958394,0.0128053734,-0.865584254,0.500479579,0.134417981,-0.00770816626,0.0714444965,0.0848772302,-0.127806649,0.0650785938,-0.298814982,-0.118557326,-0.0729309246,0.186566323,0.198721439,0.217275217,-0.0808239728,-0.0797311813,0.127742246,-0.150955752,0.332749963,-0.448653787,1.15388644,0.00950121228,-0.154367566,0.177406967,-1.1385864,-0.908673704,0.454340667,0.390984267,-0.376030356,0.0643765181,-0.752087116
0.00852084719,0.864463508,0.904021502,-0.00981253572,0.0129902484,-0.864989758,0.501525402,0.131009951,-0.00648340909,0.0720999688,0.085728392,-0.125698209,0.0649373755,-0.299013317,-0.118618697,-0.0743225217,0.183553249,0.196344584,0.213985085,-0.0803320631,-0.079799138,0.130342424,-0.153394565,0.335019618,-0.454473674,1.15676045,0.0079524098,-0.155273438,0.178503066,-1.14677501,-0.906888902,0.456368357,0.39847064,-0.377889872,0.0667057708,-0.75636214
0.00922205672,0.864414692,0.904053628,-0.00887952186,0.0131483749,-0.865303814,0.500996649,0.126878798,-0.00641939137,0.0711976215,0.0889570117,-0.125485033,0.0647500902,-0.301805645,-0.118342772,-0.0751808509,0.183736488,0.196435019,0.214204311,-0.0776529163,-0.0806836113,0.134049222,-0.15546222,0.336647809,-0.456134468,1.15791023,0.00588647882,-0.156565815,0.179997489,-1.1557765,-0.905792892,0.461828977,0.406748652,-0.378463119,0.0673245043,-0.754375041
0.0103719803,0.864244044,0.904279232,-0.00872002728,0.0135120777,-0.865359545,0.500893474,0.122247204,-0.00499643013,0.0693940818,0.0942790806,-0.125107899,0.0637406036,-0.306788743,-0.116717339,-0.0731258169,0.190163553,0.198527351,0.213431358,-0.0746957138,-0.0809074342,0.138768658,-0.159567609,0.337719262,-0.456652015,1.15784311,0.00342115061,-0.156839803,0.178832024,-1.16254902,-0.90563792,0.466542453,0.413617224,-0.374366432,0.0653810948,-0.752392232
0.0116050262,0.864040554,0.904345334,-0.00815934502,0.0135159567,-0.865328312,0.500956774,0.116800353,-0.00361318025,0.072113499,0.101116315,-0.124839723,0.0642410964,-0.309879333,-0.116098993,-0.0733573809,0.192803353,0.197706059,0.212229565,-0.0735369027,-0.0810326412,0.143297985,-0.162615985,0.340511262,-0.458836257,1.15671456,0.00451728981,-0.156054392,0.182238832,-1.17175138,-0.906059146,0.470074415,0.422794908,-0.380373865,0.0701356977,-0.756997347
0.0129053872,0.863822758,0.904527962,-0.00885770004,0.0132676661,-0.864996314,0.501524508,0.11397732,-0.00235911971,0.072727263,0.106594488,-0.12432415,0.0651873797,-0.31253776,-0.115992785,-0.0739049986,0.19930771,0.200120047,0.212134004,-0.0718329549,-0.0810227618,0.145789579,-0.166554898,0.34117505,-0.457755655,1.15614426,0.000644579239,-0.155410796,0.180187479,-1.17657757,-0.90485996,0.474478304,0.434181005,-0.38438794,0.074373737,-0.756119132
0.013088746,0.863644481,0.904671729,-0.00864646398,0.0136681646,-0.865109205,0.501322687,0.110004649,-0.00156174565,0.0711869746,0.112914868,-0.123852983,0.0656512827,-0.316085637,-0.115193263,-0.072884053,0.204780504,0.200821951,0.210737973,-0.0716738403,-0.0808301866,0.149836928,-0.167854339,0.340715826,-0.453828305,1.15582836,-0.00245347945,-0.153174505,0.179745689,-1.17988741,-0.903392434,0.474778593,0.437312573,-0.381863177,0.0737802237,-0.75467056
0.0143435597,0.863445938,0.904923797,-0.00930323079,0.0135854529,-0.864922702,0.501634955,0.10811609,0.000941972306,0.0679980516,0.117839351,-0.123873949,0.0652955696,-0.320561439,-0.113372624,-0.0730835199,0.216055885,0.201887771,0.208513409,-0.0713151023,-0.0788881704,0.152516052,-0.169707537,0.342342854,-0.451632261,1.15639794,-0.00569669949,-0.152117565,0.178432301,-1.18241322,-0.902268052,0.476985693,0.436687082,-0.386583805,0.0734788105,-0.753748238
0.0146520948,0.86327368,0.905219793,-0.010454542,0.0140060652,-0.864304662,0.502664864,0.105196826,0.00215628161,0.0661206245,0.124844462,-0.123279899,0.0661017001,-0.32456705,-0.113096587,-0.0707881004,0.22681801,0.206894815,0.209559321,-0.0739835724,-0.0774498135,0.156137392,-0.172293201,0.340885431,-0.446822554,1.15403962,-0.00707289902,-0.151568815,0.175883576,-1.17811203,-0.904019833,0.476982206,0.434645891,-0.392270416,0.0737832412,-0.751701772
0.0144780902,0.86325568,0.905474722,-0.0110246371,0.0146780899,-0.863744199,0.503596067,0.104327746,0.004883382,0.065532729,0.128223583,-0.123532638,0.0658423975,-0.327415586,-0.111319467,-0.0681685507,0.235832393,0.206828013,0.208487883,-0.0769943595,-0.0747854412,0.158116549,-0.172031611,0.339932293,-0.442401558,1.15323317,-0.00753125874,-0.150088429,0.173236892,-1.17287457,-0.90234226,0.472849458,0.427605689,-0.394468725,0.0724145472,-0.749650955
0.0140839284,0.863276601,0.905708969,-0.0117114354,0.0155932717,-0.862726033,0.505295396,0.104119077,0.00753086573,0.0619087294,0.130135924,-0.124531955,0.0648221523,-0.329860747,-0.109562717,-0.0644097254,0.24503386,0.206059143,0.204518989,-0.0806642994,-0.0725055709,0.159695402,-0.170901194,0.339944363,-0.43773514,1.15063024,-0.00831344351,-0.148890257,0.171224907,-1.16338265,-0.903436363,0.467540026,0.416741192,-0.399222732,0.0728054643,-0.747282743
0.0135668823,0.863326371,0.905858397,-0.0117678158,0.0163755361,-0.86231643,0.505968153,0.103661679,0.0096090436,0.0602872558,0.131447136,-0.124696158,0.0654605031,-0.331123263,-0.107914865,-0.0624759458,0.249335706,0.203956828,0.200742915,-0.0830869228,-0.0703388974,0.160752296,-0.168452427,0.33951056,-0.43314904,1.14864063,-0.0101112593,-0.146408156,0.171385199,-1.15207255,-0.903614104,0.458352238,0.404138863,-0.404111147,0.0756000802,-0.748435616
0.0126546538,0.863446057,0.906050324,-0.0115889413,0.0174277537,-0.861779273,0.506851494,0.102260232,0.0119321281,0.0608107634,0.133921891,-0.124491073,0.0654968992,-0.331896961,-0.106523268,-0.060998641,0.252409965,0.201026142,0.19770506,-0.0875798985,-0.0691644847,0.160846725,-0.16438663,0.339374304,-0.428821325,1.14567769,-0.00733388867,-0.145362392,0.170905441,-1.13816977,-0.903464258,0.447399914,0.391029149,-0.406989306,0.0755318552,-0.744603336
0.0110486588,0.863603175,0.906388104,-0.0113682775,0.0190510359,-0.860756934,0.508532524,0.100368559,0.014392321,0.0551370382,0.137338206,-0.123898566,0.0643440112,-0.333581537,-0.104748562,-0.0583406873,0.258440733,0.200048998,0.193825662,-0.0896726847,-0.0678105652,0.163025916,-0.161325797,0.339441687,-0.42663306,1.14211643,-0.00616939366,-0.145004869,0.170566648,-1.12224483,-0.906535745,0.434543103,0.375271171,-0.405460835,0.0734520108,-0.744013727
0.00864716619,0.863988876,0.906537116,-0.0106075983,0.0206039734,-0.859733939,0.510216117,0.100481108,0.0151601555,0.0536717512,0.135308117,-0.123894043,0.06422133,-0.332657427,-0.10548871,-0.0581291057,0.257989913,0.196307749,0.191054508,-0.0909776613,-0.0675434843,0.162824988,-0.15940854,0.336877674,-0.424239933,1.14115286,-0.00518839899,-0.144882664,0.170061857,-1.10412502,-0.906630635,0.41892761,0.364646226,-0.402051181,0.0732593015,-0.743445277
0.00679238094,0.864364147,0.906637907,-0.0095568113,0.0216096435,-0.859329939,0.510875463,0.10180036,0.0156536158,0.0547784865,0.131158113,-0.123207755,0.0636103749,-0.331544697,-0.106503457,-0.0617865324,0.255903274,0.192852631,0.190645695,-0.090740405,-0.0682824999,0.162737712,-0.156838804,0.33709982,-0.425425053,1.14098489,-0.00318357069,-0.146355316,0.171475425,-1.09080744,-0.905582488,0.40714851,0.35676688,-0.403465569,0.0733370036,-0.745188296
0.00653430913,0.864717424,0.90671283,-0.00801044982,0.021511415,-0.859348893,0.510874271,0.101695798,0.0156771,0.0593442321,0.127733186,-0.120340146,0.060690552,-0.33008495,-0.107699215,-0.0650335252,0.249692589,0.18919009,0.188701928,-0.0895538256,-0.0712344274,0.161022112,-0.153957367,0.340976059,-0.426145375,1.1384449,5.18217385e-05,-0.149103031,0.169943616,-1.08047616,-0.90102905,0.402096987,0.349550605,-0.401437879,0.0692381859,-0.739577174
0.00821609516,0.865019917,0.906701326,-0.00595977111,0.0203814916,-0.85866195,0.512102306,0.100032739,0.0154730594,0.0604181364,0.124051675,-0.117266499,0.0542497486,-0.32821241,-0.109804362,-0.0693069845,0.241618097,0.182886466,0.184240401,-0.0870524347,-0.0725003183,0.159913003,-0.154332295,0.346364051,-0.427514255,1.13909721,-0.00245090923,-0.151588634,0.172854066,-1.07525635,-0.892614186,0.399227798,0.345342457,-0.398183942,0.0648275837,-0.737337649
0.0087575987,0.865304589,0.906699717,-0.00446536625,0.0200090408,-0.857560456,0.513974488,0.0989475995,0.0155911837,0.0589847192,0.121180907,-0.11518921,0.0498037376,-0.324631304,-0.112016805,-0.0749912113,0.233469024,0.177309081,0.180993482,-0.0861317664,-0.0737097785,0.160726964,-0.157237858,0.348258555,-0.430823654,1.14251876,-0.0069497237,-0.154022083,0.17815043,-1.07110977,-0.887023449,0.396568269,0.345799565,-0.394183785,0.0614149235,-0.739369929
0.00913171098,0.865487456,0.906695187,-0.00253083743,0.0200578831,-0.857306957,0.51440841,0.0963990316,0.0152625395,0.0568936393,0.119359598,-0.113267355,0.0468722805,-0.324687183,-0.112977989,-0.0790413544,0.228070974,0.174125135,0.178591251,-0.0831528455,-0.0750796944,0.161473304,-0.157558486,0.350203753,-0.431984901,1.14095628,-0.00790369883,-0.159100324,0.179420888,-1.07119715,-0.88294965,0.396725982,0.34939009,-0.391409248,0.0564208403,-0.735059381
0.0102519616,0.865625024,0.906733036,-0.00110980845,0.0204521921,-0.855679035,0.517101407,0.0943158641,0.0167913083,0.0532831103,0.114906959,-0.112815179,0.0429039411,-0.325285167,-0.114046991,-0.0835900679,0.225919589,0.171481326,0.173786402,-0.0809865445,-0.0753225759,0.162148461,-0.161755562,0.352173001,-0.434468269,1.1394068,-0.0157551151,-0.161899537,0.178831249,-1.07089114,-0.880233467,0.398587227,0.355641931,-0.383641154,0.0527241677,-0.731407344
0.0107081207,0.865659893,0.906764686,0.000700242119,0.0207505971,-0.855627954,0.517174721,0.0923260897,0.0178579669,0.0537055284,0.112366758,-0.11037299,0.0417780355,-0.32642591,-0.11352735,-0.0871537998,0.222844154,0.167825013,0.171667665,-0.0793424249,-0.0756751671,0.161923811,-0.161646828,0.354179353,-0.435064554,1.13806951,-0.0210698899,-0.163768739,0.176761582,-1.07531452,-0.876480401,0.402358234,0.363568425,-0.38246423,0.0526963472,-0.725117564
0.011643311,0.865666032,0.906918943,0.00192718511,0.0213932954,-0.854488194,0.519026518,0.089269504,0.0200212169,0.0526493602,0.110433191,-0.108663574,0.0395193994,-0.328599393,-0.11278487,-0.0873454437,0.223092303,0.165525571,0.16571185,-0.080031082,-0.0747494847,0.164310813,-0.163103625,0.356797814,-0.433833897,1.13255274,-0.0259500816,-0.163912669,0.175150588,-1.07853031,-0.873372257,0.40438205,0.368811518,-0.377847701,0.0511831492,-0.719295561
0.0134498207,0.865528345,0.907072186,0.00189365412,0.021829417,-0.852986813,0.521472335,0.0850316808,0.0221127588,0.0448141955,0.112614468,-0.109167449,0.0385238975,-0.331881195,-0.110842682,-0.0820616707,0.227792636,0.166722059,0.159661308,-0.0812901407,-0.072371915,0.169256538,-0.168897942,0.359231651,-0.436435848,1.12928891,-0.0283837728,-0.161751702,0.173822537,-1.08127582,-0.871544659,0.40710029,0.372670442,-0.374195188,0.0500297323,-0.712230921
0.0144650256,0.865398705,0.907209635,0.00254200283,0.0221008342,-0.852517724,0.522224665,0.0828046128,0.0237732641,0.0406722985,0.112626784,-0.108109027,0.0367313698,-0.336534321,-0.109556392,-0.0814079717,0.234752849,0.165251911,0.155059591,-0.0810197815,-0.0708195046,0.172165647,-0.171116948,0.362965524,-0.436693817,1.12617064,-0.0279166736,-0.159833118,0.172572941,-1.08450449,-0.870103002,0.41187349,0.373064399,-0.371408701,0.047110837,-0.702054143
0.0152608911,0.865257263,0.907449365,0.00284885941,0.0224110875,-0.851436257,0.523971319,0.0787211657,0.0265497174,0.0376222655,0.118050255,-0.106838495,0.0348718092,-0.339970022,-0.108116142,-0.08015991,0.242764518,0.162973136,0.150714174,-0.0836785659,-0.067825973,0.176816925,-0.173380196,0.36571309,-0.438839465,1.12402487,-0.0255783442,-0.158833727,0.171198457,-1.08700037,-0.869612932,0.414519608,0.371781498,-0.373842448,0.0457585528,-0.696818352
0.0160187446,0.865099251,0.907802463,0.00248121959,0.0228118729,-0.850895643,0.524833381,0.0737842843,0.0283088125,0.033839982,0.126060322,-0.104880728,0.0346600562,-0.343688339,-0.105739221,-0.0744824186,0.25017783,0.16534102,0.14768073,-0.0870442837,-0.0660851672,0.180998459,-0.175701156,0.365901709,-0.437645286,1.1212219,-0.0237952415,-0.156939685,0.170387343,-1.08461714,-0.867726624,0.416063696,0.373616427,-0.372528732,0.0436382778,-0.691805601
0.0154773341,0.86514014,0.908100069,0.00279020076,0.0236851536,-0.850584507,0.525297284,0.0705842748,0.0306095667,0.0332670324,0.1316102,-0.10358768,0.0335015617,-0.346687257,-0.103634514,-0.0722709522,0.256410599,0.165333986,0.144446656,-0.0904259607,-0.0638605431,0.183553725,-0.174653634,0.365432471,-0.435463965,1.11926675,-0.0232724883,-0.155056298,0.167619392,-1.07908738,-0.867221415,0.415362477,0.372247338,-0.372917563,0.041388195,-0.688019574
0.0144094182,0.865336895,0.908328414,0.00383787253,0.0243463982,-0.850024939,0.526165485,0.0674713776,0.0323223919,0.0327711739,0.136625141,-0.101327062,0.0317762122,-0.347958952,-0.102745131,-0.0717580765,0.25975439,0.161731571,0.140028134,-0.0935208946,-0.0616423115,0.185664371,-0.172384292,0.365838856,-0.434217274,1.1177659,-0.0200590957,-0.153027281,0.162090719,-1.06990063,-0.87049216,0.413553804,0.364541948,-0.377220124,0.0400675423,-0.682945907
0.013143572,0.865670383,0.908549964,0.00500223553,0.0251474474,-0.849424362,0.527087152,0.0653093606,0.0337860845,0.0314518139,0.139226198,-0.099345535,0.0288745817,-0.348473012,-0.102113917,-0.0722906291,0.261239618,0.158369169,0.137021869,-0.0971791521,-0.0599699765,0.187054053,-0.17021288,0.365482032,-0.433501422,1.11794496,-0.0174159072,-0.152243957,0.158477545,-1.05788946,-0.873595834,0.408746958,0.355148077,-0.380345076,0.0380104482,-0.680433691
0.0121380538,0.866117597,0.908869088,0.00540859532,0.0257772077,-0.848753452,0.528132379,0.0647145212,0.0349189192,0.0302239135,0.139981821,-0.0974462181,0.0263167769,-0.348969519,-0.101847082,-0.0720541924,0.26397723,0.15793474,0.135513768,-0.101085633,-0.0590802841,0.187938482,-0.169133872,0.365735799,-0.436793327,1.11803102,-0.0155965714,-0.15249981,0.157428488,-1.04568923,-0.877179503,0.403588802,0.349582881,-0.382796645,0.0379397832,-0.680333197
0.0109457057,0.866591036,0.909184158,0.00663627358,0.0264462307,-0.84780252,0.529610693,0.061328128,0.0351013094,0.0266298875,0.143093705,-0.0924607068,0.026435174,-0.347314328,-0.101839513,-0.0698142275,0.260344535,0.155590311,0.131611004,-0.104885228,-0.0601239204,0.191048339,-0.168097124,0.366638154,-0.438363194,1.11563027,-0.0168388318,-0.153171062,0.156826109,-1.03313828,-0.886849403,0.400515199,0.339039594,-0.387982547,0.0370529555,-0.676837862
0.00896192156,0.867255092,0.909516752,0.00832229294,0.0272738002,-0.847023785,0.530789554,0.0596737042,0.0351058468,0.0284503326,0.142985225,-0.0879623592,0.0238149185,-0.345387906,-0.104416706,-0.0764481351,0.2565988,0.151980534,0.130704671,-0.108811013,-0.0592764765,0.193650857,-0.166418999,0.366969585,-0.443511039,1.11297405,-0.0108544137,-0.154073909,0.15713352,-1.02217984,-0.896348476,0.395810813,0.33164084,-0.4015733,0.0407072827,-0.67725724
0.0076868413,0.867923021,0.909752071,0.00997334998,0.027500445,-0.846524954,0.531544745,0.0580193624,0.0346625037,0.0307552498,0.142717227,-0.0829989538,0.0216613002,-0.341474414,-0.105819575,-0.0785984844,0.247607112,0.147714689,0.128560811,-0.109341681,-0.0586049743,0.194990054,-0.167916059,0.365245074,-0.448966831,1.11238897,-0.00659230119,-0.153594717,0.159923866,-1.0106163,-0.900131106,0.391853631,0.327630579,-0.403174102,0.0394231975,-0.671830654
0.00776342629,0.868433356,0.910078824,0.0111115742,0.0277616978,-0.846507549,0.531536281,0.0552588403,0.0330632143,0.0281981677,0.142011315,-0.0786306188,0.0207745433,-0.341622561,-0.106250033,-0.0774847493,0.241993994,0.151259631,0.127721086,-0.107502252,-0.0590468347,0.195817247,-0.170454592,0.362816602,-0.450981498,1.10719216,-0.00555509096,-0.155730858,0.161616564,-1.00065076,-0.901876569,0.390320688,0.329668581,-0.398644149,0.0365079418,-0.667461395
0.00898098573,0.868971348,0.910296798,0.0124039808,0.0274896957,-0.845801175,0.532645106,0.0519810095,0.0318521783,0.0287040677,0.139933765,-0.0743498802,0.0186843183,-0.340431273,-0.108363621,-0.0796910077,0.233457834,0.152861506,0.126624107,-0.106104568,-0.0591870248,0.197804421,-0.177422792,0.361840159,-0.4556005,1.10078537,-0.00559359789,-0.157587916,0.165413067,-0.993699014,-0.901687622,0.391346514,0.335409075,-0.393159479,0.0337761305,-0.666153312
0.00974566862,0.869473398,0.910497189,0.0136982929,0.0275394674,-0.845398605,0.533249617,0.0499692746,0.0313480496,0.0297369286,0.136403114,-0.0707119778,0.0156339742,-0.33846125,-0.109566011,-0.0828536972,0.223622039,0.154429242,0.127181888,-0.104677029,-0.0589662082,0.198947862,-0.184698477,0.360402644,-0.461953938,1.09354281,-0.00706285611,-0.160186753,0.166051373,-0.989646971,-0.899123251,0.393927127,0.345838457,-0.385274023,0.031294927,-0.663547516
0.00937510468,0.870010853,0.910576761,0.016830992,0.0280731302,-0.844618499,0.534367144,0.0464600399,0.0320059247,0.0324180834,0.13292858,-0.0655318648,0.0109126754,-0.335746765,-0.110721044,-0.0886852443,0.210935622,0.148792773,0.125979573,-0.104864292,-0.0581234545,0.200741813,-0.189541683,0.360942811,-0.464919329,1.08208704,-0.00806269888,-0.165370703,0.170524687,-0.988892853,-0.897417367,0.39678809,0.351637423,-0.380247861,0.0258530192,-0.661089599
0.0109655224,0.870304048,0.910679102,0.0179877169,0.0278641265,-0.842994452,0.536898851,0.0440159217,0.0323071443,0.030928798,0.128803879,-0.0624321699,0.00813188963,-0.334010094,-0.112233132,-0.0910368413,0.203564316,0.148500398,0.124600835,-0.104180858,-0.0561165847,0.202610925,-0.201697111,0.361034065,-0.471125811,1.07231092,-0.00981768686,-0.167506292,0.174838051,-0.987551153,-0.891443849,0.397721708,0.368734598,-0.370637357,0.0253991578,-0.659237981
0.0119652329,0.870511532,0.910838902,0.018414421,0.028244039,-0.841915727,0.538554609,0.0413153581,0.0327363499,0.03234943,0.126902431,-0.0602423288,0.0068823765,-0.333510101,-0.112139605,-0.0864752978,0.197747752,0.151796907,0.12305446,-0.104446173,-0.0555636585,0.207048371,-0.211563841,0.362692803,-0.47530213,1.05714834,-0.00989412051,-0.168986574,0.179043695,-0.989154041,-0.887335658,0.401301116,0.386523724,-0.359956652,0.0221343022,-0.654730737
0.0122159543,0.870648563,0.910985112,0.0184722226,0.0290819053,-0.84124589,0.539553881,0.0405189022,0.0340298824,0.0304344296,0.124072105,-0.0591953695,0.00824530981,-0.333685577,-0.11035727,-0.081365332,0.195413172,0.154420316,0.123122223,-0.102714933,-0.0542448349,0.211394906,-0.218683288,0.362769246,-0.472258925,1.04336751,-0.0187325664,-0.167712778,0.183302909,-0.990642726,-0.88122493,0.401901841,0.403655976,-0.34395501,0.0181859396,-0.64845711
0.0135085825,0.870631158,0.911039948,0.0189504065,0.0291832723,-0.840022266,0.541434944,0.0386777185,0.0362102613,0.0289370641,0.12300054,-0.0578698739,0.00753759779,-0.335398853,-0.1098179,-0.0819634348,0.197670251,0.15399985,0.120415814,-0.102996834,-0.052117005,0.215122849,-0.225631133,0.368373454,-0.47579211,1.03505445,-0.0197861809,-0.166799664,0.187835127,-0.997436345,-0.879071236,0.409338206,0.4119066,-0.346781492,0.0165865403,-0.644627631
0.0130938292,0.870501041,0.911277354,0.0193535164,0.0301459134,-0.839558065,0.542087495,0.0367849693,0.0384062231,0.0269694682,0.124657214,-0.0564719997,0.00701385038,-0.339279503,-0.107302859,-0.0775731951,0.204523876,0.154749781,0.116414011,-0.10321556,-0.0492453873,0.218138427,-0.228299141,0.368932545,-0.473039836,1.02908623,-0.0231316611,-0.164289847,0.189479381,-1.00140798,-0.876787007,0.416177303,0.418789893,-0.348950118,0.0170621686,-0.640573919
0.0146230925,0.870279729,0.911391735,0.018779505,0.0303799678,-0.839458942,0.542248189,0.0341085196,0.0400477014,0.026873922,0.127675533,-0.0568828285,0.00479737902,-0.343573302,-0.105528466,-0.0750277191,0.210903943,0.158255473,0.116451167,-0.106158823,-0.0479801893,0.220622718,-0.234889075,0.370289415,-0.47389704,1.02822709,-0.0197202936,-0.161477923,0.189600721,-1.00554252,-0.867350578,0.42028138,0.42898792,-0.343872517,0.016500866,-0.641868472
0.0157094523,0.87009865,0.911606491,0.0178800952,0.0306506455,-0.839351177,0.542430162,0.0307722893,0.0418946669,0.0278896783,0.133861169,-0.0571931377,0.00427081902,-0.347762346,-0.103353433,-0.0700664893,0.218853816,0.162023276,0.116078928,-0.108820505,-0.048089467,0.224761367,-0.239337161,0.371810108,-0.470938891,1.0247798,-0.0186459124,-0.15977028,0.193599418,-1.00791538,-0.861810923,0.426978707,0.433259964,-0.340348393,0.0127319749,-0.637157321
0.0161640085,0.869935334,0.911839783,0.0172132645,0.0308609512,-0.839661837,0.541958749,0.0273375995,0.0430814736,0.027534619,0.141799331,-0.0563244782,0.00436749915,-0.351741374,-0.101024941,-0.0648031458,0.226800278,0.165439233,0.115633979,-0.111688554,-0.0482782796,0.229238287,-0.24152261,0.374219745,-0.470175505,1.02087319,-0.0146953361,-0.158632219,0.196282849,-1.01070976,-0.857169747,0.432507008,0.432952523,-0.3403534,0.00930906367,-0.633745432
0.0174003001,0.869819999,0.911987662,0.0165740736,0.0308205374,-0.839752078,0.541841149,0.0245895255,0.0440401658,0.0263750348,0.146803632,-0.0562133081,0.00421004463,-0.355888188,-0.0992985293,-0.0610723756,0.233867139,0.169930711,0.115702868,-0.11465846,-0.0487674102,0.232434511,-0.243630081,0.377203345,-0.468731254,1.01708734,-0.0107324449,-0.157781824,0.199329853,-1.01170743,-0.854129136,0.43823868,0.428669304,-0.344871342,0.00741773238,-0.631647885
0.0181007404,0.869807243,0.912165344,0.0161292627,0.0308159981,-0.839726806,0.541894019,0.0216945671,0.0452140085,0.0271312203,0.152571633,-0.0553757772,0.00286859483,-0.357879609,-0.0983455032,-0.0602240115,0.238351122,0.171199724,0.117064558,-0.118643537,-0.0485278815,0.236111745,-0.24546735,0.37959069,-0.467949837,1.01531541,-0.00376236741,-0.157095343,0.201681614,-1.01097083,-0.853123188,0.440044522,0.418816149,-0.352512211,0.00688706292,-0.630334198
0.0177582148,0.86989373,0.912424445,0.0157321729,0.0318511501,-0.83973515,0.541832864,0.0193792749,0.0463504195,0.0274978094,0.155933842,-0.0552942455,0.00261951028,-0.360591382,-0.0968097225,-0.0575313717,0.242474541,0.175022185,0.118828475,-0.122490637,-0.049635686,0.24019374,-0.24601604,0.379772872,-0.46515581,1.01107097,0.0038133678,-0.157579973,0.200640559,-1.0066483,-0.854665875,0.437618732,0.406555027,-0.358006269,0.00553567149,-0.629184067
0.0178616084,0.870065331,0.912579179,0.016316073,0.0317482427,-0.84041965,0.540759325,0.017130632,0.0457664095,0.0272204466,0.158865452,-0.0525233671,0.00399523741,-0.361697733,-0.0958182663,-0.0551704206,0.241789639,0.175153196,0.118964732,-0.123942949,-0.0497805662,0.242196202,-0.246025249,0.380748451,-0.46405825,1.01187921,0.0138959168,-0.157083511,0.201130316,-1.00153112,-0.856961012,0.433609605,0.394022405,-0.362625331,0.00420524832,-0.623613775
0.0177465975,0.870371997,0.912655413,0.0172055252,0.0322178937,-0.840348363,0.540814757,0.0158324037,0.0457582995,0.028803952,0.157115132,-0.051476866,0.00198348914,-0.362163454,-0.0961570069,-0.0556581393,0.238560453,0.175681844,0.120258808,-0.12583071,-0.0512495339,0.245674208,-0.247814626,0.381413817,-0.46375981,1.01200664,0.0161869153,-0.156720027,0.201518774,-0.994642198,-0.861585557,0.426083922,0.382698745,-0.367884874,0.00747443317,-0.625429869
0.0186304059,0.870648146,0.912832081,0.0175215621,0.0322804973,-0.840298474,0.540878415,0.0147530874,0.0459120609,0.0312517956,0.155179814,-0.0497774817,0.000232257327,-0.363559395,-0.0961885676,-0.0549837574,0.236997351,0.179470956,0.11978285,-0.128096208,-0.0535228699,0.248364687,-0.250648409,0.384695619,-0.465286165,1.0120523,0.0211888421,-0.157585233,0.204772249,-0.98781085,-0.867435932,0.423665375,0.372446746,-0.372413665,0.00674432842,-0.62622726
0.0170609131,0.871045709,0.91296351,0.0191217028,0.0336328335,-0.840863407,0.539862871,0.0135917058,0.0448237769,0.0333225578,0.151348382,-0.0477449261,-9.79114993e-05,-0.363051325,-0.0965494439,-0.0556568913,0.228563458,0.180314153,0.1221046,-0.127374858,-0.0562732294,0.252002805,-0.250447243,0.382385373,-0.462157309,1.01110625,0.0259272493,-0.159718856,0.204841509,-0.978914559,-0.874776244,0.416896135,0.364763319,-0.377290756,0.0060267183,-0.629588306
0.0165057406,0.871479213,0.913021863,0.0212052986,0.0343368873,-0.8410514,0.539447725,0.012025916,0.0446122624,0.0369114429,0.146992862,-0.0453661159,-0.00323417666,-0.36278376,-0.0975255519,-0.0600803979,0.220601037,0.178661793,0.124129519,-0.12543714,-0.059013702,0.25492686,-0.251007646,0.384835422,-0.464289308,1.00962651,0.0296164788,-0.162220672,0.206139579,-0.969965935,-0.882300198,0.414628804,0.358158052,-0.38747108,0.00713713281,-0.634694755
0.01636995,0.87179023,0.913160443,0.0233297814,0.0351184011,-0.840724826,0.539818645,0.00827004295,0.0437245108,0.0382352583,0.144191921,-0.0416569375,-0.00533875544,-0.363282263,-0.098928906,-0.0622552633,0.212707102,0.178993776,0.123566955,-0.123651847,-0.0607145503,0.258176833,-0.252715617,0.385044813,-0.464981645,1.00771403,0.0338675082,-0.165289506,0.208121747,-0.960934997,-0.886157632,0.411575496,0.357924938,-0.393740863,0.00680333097,-0.636231601
0.0161852166,0.872028649,0.913175106,0.0256680679,0.0360157378,-0.840595841,0.539854288,0.00446392829,0.0432847925,0.0392767079,0.141450748,-0.0393017828,-0.00810895022,-0.364172488,-0.0995459184,-0.0643373951,0.204909459,0.17765598,0.123109758,-0.120760255,-0.0621160716,0.262442976,-0.25426355,0.385958225,-0.468323916,1.00480258,0.0347218737,-0.167666852,0.2096681,-0.955443442,-0.886897564,0.407621771,0.365532815,-0.398886085,0.0100630987,-0.642339826
0.0159078874,0.872174501,0.913216412,0.0272850096,0.0373119786,-0.840490997,0.539850175,0.00213616597,0.043628864,0.0394512787,0.137024969,-0.0385183804,-0.0099646505,-0.365781128,-0.0992250144,-0.0653462335,0.199638918,0.178073302,0.123132996,-0.117038563,-0.0639443696,0.26615119,-0.25731793,0.386778831,-0.473327845,1.00339627,0.0324841961,-0.168717965,0.210619509,-0.953439713,-0.884729564,0.405364841,0.385169983,-0.397902429,0.0143830413,-0.647365332
0.0154842436,0.87216866,0.913254023,0.0294735897,0.0386693813,-0.839458644,0.54124409,-0.00317148888,0.0442631319,0.0382852145,0.136729687,-0.0363228545,-0.0119955018,-0.367961735,-0.0998463109,-0.0674188212,0.19638966,0.176441476,0.119271748,-0.112849347,-0.0652671158,0.27227512,-0.26166448,0.388780206,-0.478274822,1.00196099,0.029927073,-0.171152219,0.212351963,-0.955930531,-0.88715291,0.409125984,0.406747699,-0.405423194,0.0174962897,-0.651505172
0.0161971487,0.87195617,0.913292587,0.0310775265,0.0397445112,-0.839079738,0.541663885,-0.00936570205,0.0457048751,0.0394117981,0.139120087,-0.0356534868,-0.0140616,-0.373590559,-0.0987768322,-0.0663883761,0.198376626,0.177930862,0.11592596,-0.109468587,-0.0648493618,0.279642344,-0.267610222,0.39030543,-0.483842582,1.00014639,0.0309412647,-0.173386067,0.219237074,-0.963931501,-0.8800295,0.415293247,0.434556782,-0.402342469,0.0171569213,-0.653330982
0.0161952656,0.871691585,0.913402319,0.0322512127,0.0412609354,-0.837931395,0.543257177,-0.0154380649,0.0478875674,0.0407949872,0.142470881,-0.035465885,-0.0165536292,-0.378792912,-0.0988326669,-0.068347007,0.203099653,0.178876579,0.112600632,-0.106958099,-0.0643123612,0.287410498,-0.274059176,0.390105188,-0.487469792,0.998855948,0.0277323816,-0.175726697,0.229373515,-0.974883139,-0.872568727,0.426324338,0.464597136,-0.39737916,0.0153265158,-0.653633118
0.0173283778,0.871292651,0.913388431,0.032277856,0.0418631136,-0.837615848,0.543695986,-0.0204782896,0.0484662727,0.0414097458,0.146896929,-0.0372859649,-0.0167978704,-0.384521723,-0.0985893458,-0.0663665906,0.209026396,0.183191791,0.111515269,-0.104777269,-0.0630130321,0.294360161,-0.283775806,0.390207887,-0.495428205,0.998016119,0.0309883598,-0.175851822,0.240786657,-0.990055203,-0.860126555,0.435795814,0.499774575,-0.386579275,0.0151006319,-0.655510604
0.0182505734,0.870918095,0.913449645,0.0319106132,0.0424587354,-0.837010741,0.544602633,-0.0249865912,0.0497013256,0.0417627916,0.152330771,-0.039102938,-0.019137077,-0.390388072,-0.0983043388,-0.0643773824,0.21811378,0.186965734,0.109883882,-0.102928944,-0.0614019483,0.30289641,-0.292823315,0.389681399,-0.501514316,0.995034277,0.0309713949,-0.175471783,0.248830751,-1.00551796,-0.846852243,0.446938127,0.527548194,-0.377960414,0.0148418415,-0.659462094
0.0192044973,0.87054956,0.913514376,0.0316763446,0.0425988622,-0.836346149,0.545625389,-0.0308269709,0.0505049638,0.0414179415,0.16134198,-0.0391663536,-0.0201964416,-0.39539355,-0.0985803008,-0.0628953278,0.226789936,0.189833015,0.10671179,-0.100958399,-0.0586421117,0.311057776,-0.301160634,0.386269122,-0.499578953,0.993601501,0.0326398201,-0.175092831,0.256384939,-1.01806259,-0.832735777,0.454201698,0.549680471,-0.365471512,0.00970958918,-0.657280982
0.020469971,0.870199621,0.913616002,0.031756673,0.0427707061,-0.836065769,0.546036839,-0.0358410515,0.0525873564,0.0420311093,0.168232083,-0.0389799587,-0.0219844412,-0.401534766,-0.0963488147,-0.0583474748,0.236196727,0.191494867,0.103223056,-0.100310147,-0.0563232526,0.318053633,-0.305663675,0.388329744,-0.500313282,0.990351558,0.0386376977,-0.173272699,0.265846401,-1.03333247,-0.824140847,0.465788394,0.565463185,-0.363030523,0.0081734024,-0.655955911
0.0211750679,0.869940221,0.913787484,0.0314223729,0.0425866768,-0.836010695,0.546154797,-0.0407656208,0.0530285612,0.0434879512,0.177693442,-0.0372166261,-0.0227807146,-0.405905902,-0.0966226012,-0.0580765642,0.244819209,0.193925306,0.100924902,-0.0990151092,-0.0551566817,0.323443592,-0.310399204,0.386309981,-0.496827751,0.987733006,0.0421085209,-0.171137571,0.270311624,-1.04261267,-0.817807257,0.472795069,0.579005659,-0.361186445,0.00802203082,-0.654720783
0.0223889146,0.869779944,0.913922131,0.0312692709,0.0424421579,-0.835748553,0.546575904,-0.0442627743,0.0538657717,0.0440369733,0.182568982,-0.0360405408,-0.0247080848,-0.410200447,-0.0957744345,-0.0550279468,0.25142476,0.197223723,0.0984148309,-0.100461401,-0.0530108921,0.328732252,-0.314252883,0.385654956,-0.495130062,0.985428572,0.043065384,-0.170376644,0.27538085,-1.05032408,-0.810862184,0.474947572,0.583614767,-0.353162408,0.00552479643,-0.659365594
0.0221859813,0.869861722,0.914084136,0.0316153318,0.0432076827,-0.835321307,0.547148883,-0.0459392183,0.0549680516,0.0438328013,0.182935566,-0.0354694352,-0.0259668306,-0.412897974,-0.0951814875,-0.054766085,0.255165428,0.197734043,0.0973162428,-0.102291517,-0.0512129292,0.33356753,-0.315941393,0.38423726,-0.492496431,0.98309058,0.0425936542,-0.170315012,0.27580604,-1.05391061,-0.80903846,0.473587304,0.58257848,-0.34772867,0.00301670213,-0.66246295
0.021677874,0.870092809,0.914221704,0.0329309665,0.0440241769,-0.83466047,0.548013985,-0.0475031324,0.0558981448,0.0437684096,0.180718958,-0.0337297097,-0.0282208659,-0.414674878,-0.0954506472,-0.057266511,0.255872428,0.195376098,0.0964371562,-0.104043536,-0.049297519,0.337650567,-0.315704256,0.383666486,-0.489291519,0.980915248,0.0413698964,-0.171712115,0.273949951,-1.05587375,-0.812900722,0.469768643,0.574699402,-0.34693253,-8.13491642e-05,-0.665344298
0.0213820077,0.870369077,0.914414346,0.0345326811,0.0450634398,-0.834301353,0.548377633,-0.0496552177,0.0560254976,0.0434958301,0.176911041,-0.0314030014,-0.0307571813,-0.417605698,-0.0956104845,-0.0582271405,0.255353868,0.194520772,0.0971757397,-0.107615866,-0.0466575548,0.342479795,-0.315055251,0.384043097,-0.489121288,0.976662397,0.0420788713,-0.174964577,0.275612921,-1.05700386,-0.818539917,0.462328225,0.564347923,-0.34283796,-0.00444648601,-0.670822382
0.0212522298,0.870715559,0.914610207,0.0357242189,0.0461953394,-0.833439231,0.549516916,-0.0500640012,0.0563073419,0.0409484804,0.169654861,-0.0295733679,-0.0316531211,-0.419449121,-0.0956220105,-0.0585262701,0.253946722,0.194617584,0.0975694731,-0.111652724,-0.0451628082,0.345389426,-0.313545823,0.383333176,-0.486831307,0.971988082,0.0382575244,-0.178563386,0.273098469,-1.05518496,-0.827470839,0.453150421,0.555089295,-0.34183085,-0.00576429162,-0.676948071
0.0217015743,0.871017218,0.914780855,0.0380068049,0.0475032292,-0.832484663,0.550697863,-0.0544773862,0.0559168421,0.0389545634,0.164114669,-0.0262165517,-0.0342813432,-0.422535479,-0.0965801477,-0.05967189,0.249079838,0.19517459,0.0978495851,-0.114913456,-0.0434849001,0.352306157,-0.314584017,0.386162102,-0.489142269,0.965014696,0.040061269,-0.181521043,0.275724828,-1.05543113,-0.839898407,0.448824167,0.543666422,-0.344617069,-0.00673399447,-0.68362838
0.0215160344,0.871336579,0.91482836,0.0408842787,0.049080614,-0.831817925,0.551360607,-0.0585518479,0.0552961715,0.0382294096,0.157114714,-0.0233350098,-0.0357477032,-0.425017267,-0.0971192941,-0.0592548624,0.240807101,0.195284575,0.0978259519,-0.116594173,-0.0406906009,0.356903136,-0.314650804,0.384663194,-0.488119513,0.959962964,0.0400085635,-0.183855549,0.276153266,-1.05453527,-0.849544346,0.442119002,0.539500117,-0.344580889,-0.00626652827,-0.685207903
0.0207065605,0.871659875,0.914797544,0.0434823744,0.0507803261,-0.831157148,0.552004039,-0.0604609251,0.0553621463,0.0387696624,0.14877142,-0.0222855285,-0.0388494059,-0.426355034,-0.0980874524,-0.0627983287,0.233337149,0.193380073,0.0973549858,-0.117560059,-0.0381522775,0.36334905,-0.315029472,0.384486228,-0.490651429,0.954485297,0.0376747772,-0.186401561,0.276658595,-1.05447042,-0.856336653,0.435674012,0.540558636,-0.34612298,-0.00268292986,-0.692708135
0.020648865,0.871782601,0.914766908,0.0454793088,0.0522509068,-0.830403924,0.552838862,-0.0639637485,0.054773245,0.0383389369,0.143228546,-0.0215241723,-0.0419836044,-0.428300202,-0.0992760882,-0.0642049089,0.226644635,0.194438368,0.0983985439,-0.11641705,-0.0360418409,0.371978939,-0.319280148,0.38205418,-0.492386371,0.947588503,0.0337640196,-0.188683122,0.278983295,-1.05416572,-0.85667944,0.427132577,0.546717823,-0.338564098,-0.000174937057,-0.700397372
0.0203683991,0.871759295,0.914642811,0.0477049798,0.0539119951,-0.829331279,0.554100513,-0.0680401623,0.054833848,0.0392626263,0.138355583,-0.0214627832,-0.0447868817,-0.430328727,-0.100360222,-0.0652964786,0.220004126,0.194593161,0.0958333686,-0.11454235,-0.0341526568,0.380681962,-0.324368209,0.380804062,-0.496125877,0.941700816,0.0319486968,-0.190921262,0.280983448,-1.05694127,-0.855226338,0.423579544,0.556794286,-0.335557282,0.00349074113,-0.708709955
0.0201576781,0.871489823,0.914477646,0.0496231243,0.0553869195,-0.828414977,0.555156231,-0.0734925941,0.0546744429,0.0396319628,0.137675717,-0.022440955,-0.0462848879,-0.433842689,-0.101374835,-0.0659964308,0.217561066,0.194118649,0.0930302814,-0.110290721,-0.0310095344,0.39028734,-0.330876648,0.379643083,-0.500612915,0.933773816,0.03495612,-0.192092419,0.285495907,-1.06137991,-0.851631582,0.422073931,0.573779166,-0.334793657,0.00906723365,-0.715933502
0.0195409358,0.870974243,0.914372325,0.0512088202,0.0572845004,-0.827005982,0.556917667,-0.081256777,0.0560591631,0.0400627367,0.142756611,-0.023631826,-0.0490550138,-0.438595265,-0.101817206,-0.0660859942,0.220064744,0.192882642,0.0881185234,-0.106786259,-0.0275932718,0.401291907,-0.339755118,0.375527114,-0.50512594,0.929957747,0.0373800062,-0.191211745,0.290588051,-1.06699646,-0.8410905,0.419967562,0.596841574,-0.324504822,0.0114429826,-0.722042918
0.0191352647,0.870297134,0.914080083,0.053159371,0.0589431264,-0.826717913,0.556989431,-0.0897931382,0.0560290851,0.0406287648,0.148710787,-0.0260789227,-0.0494792685,-0.444791764,-0.102298506,-0.0659045279,0.221448451,0.19251506,0.0862170085,-0.103257649,-0.0250163134,0.411310613,-0.349216342,0.373466104,-0.512062371,0.9247455,0.0446715094,-0.191197112,0.301292539,-1.07387865,-0.829975307,0.42216143,0.621347845,-0.316222996,0.0121896202,-0.731938601
0.0181547664,0.869622827,0.913861275,0.054968331,0.060553126,-0.826054752,0.557624757,-0.09737432,0.0575909615,0.042166613,0.156095117,-0.0281518269,-0.0503320098,-0.450854391,-0.102191888,-0.0669089779,0.227028906,0.189826086,0.0817370415,-0.0986293405,-0.0225964524,0.421160728,-0.356695682,0.369122803,-0.514791965,0.922095299,0.0472170264,-0.189707384,0.312076211,-1.08168054,-0.817693949,0.424065799,0.648910344,-0.309280694,0.012767313,-0.740872741
0.0188077651,0.868884385,0.913718045,0.0560019575,0.0615520477,-0.825320959,0.558498383,-0.106691249,0.0589500628,0.0431694277,0.166379958,-0.0292459093,-0.052785106,-0.458041161,-0.102523044,-0.0676801577,0.234638751,0.190026268,0.0780986696,-0.0967497677,-0.0218378212,0.430960715,-0.366127908,0.365928859,-0.516547382,0.917982578,0.0504862592,-0.186835021,0.323429227,-1.09076118,-0.803377926,0.425445676,0.670528829,-0.288785756,0.00755567709,-0.745360017
0.0188790038,0.868309796,0.913634658,0.0566326939,0.0628657788,-0.82526356,0.558373272,-0.113654241,0.0601594485,0.0431336798,0.174251944,-0.0314109847,-0.0541116744,-0.465105265,-0.101191171,-0.0651980415,0.242166847,0.192175955,0.0781254694,-0.0956651866,-0.0224594232,0.439161152,-0.373577207,0.361312032,-0.515146434,0.916110575,0.0507229045,-0.182899982,0.333547801,-1.10082912,-0.791002929,0.428962857,0.684988379,-0.276885569,0.00538726104,-0.751724422
0.0179302283,0.86792171,0.913708925,0.0574958771,0.0644921288,-0.824591875,0.559091449,-0.120538667,0.0619969368,0.0445636958,0.182661667,-0.0314267278,-0.0549052767,-0.471261144,-0.100954346,-0.065562278,0.250548869,0.193362325,0.0749506503,-0.0955748186,-0.0227717347,0.446740448,-0.380686909,0.355100214,-0.513178587,0.919157863,0.0507808588,-0.180614695,0.341590434,-1.10862422,-0.779190898,0.434026092,0.698732972,-0.268653303,0.00235382118,-0.754811943
0.0174864326,0.867789447,0.913657784,0.059190236,0.0649329349,-0.823955834,0.559800923,-0.124909416,0.0629066974,0.0424220487,0.186755255,-0.0299862623,-0.0559282042,-0.475710154,-0.101339012,-0.0689153522,0.256866902,0.189553797,0.0716599748,-0.0945528969,-0.0203508399,0.451734096,-0.385856122,0.353079796,-0.513496816,0.925873041,0.0531916879,-0.178261027,0.348068744,-1.1164186,-0.773399174,0.440750927,0.704164624,-0.267477065,3.15322504e-05,-0.754380405
0.0175176151,0.867748976,0.913773596,0.0597269982,0.0656992346,-0.823770046,0.559927881,-0.12799108,0.0636655465,0.0428813249,0.188781932,-0.0293821264,-0.0564375408,-0.479852915,-0.101258233,-0.070403263,0.261644989,0.191296041,0.07190644,-0.0952147096,-0.0199107025,0.456314504,-0.391222477,0.347871959,-0.509197176,0.930419981,0.0531991012,-0.177393004,0.352462739,-1.1206758,-0.767850518,0.440763533,0.705574334,-0.261245787,-0.00293889781,-0.756024241
0.0172877312,0.867946625,0.913876116,0.0606852174,0.0664632544,-0.823407173,0.560268283,-0.129754141,0.0649265945,0.0438554063,0.187916622,-0.0282960851,-0.0580328181,-0.482010692,-0.100551292,-0.0709233806,0.262581736,0.190807432,0.0705519468,-0.0967342854,-0.0191231072,0.459683508,-0.393297523,0.345387101,-0.504433811,0.933079779,0.0529371686,-0.17701903,0.354736298,-1.12186837,-0.765985191,0.440322757,0.697995961,-0.258465648,-0.00583284907,-0.758794308
0.0161756016,0.868354023,0.913936257,0.0620370656,0.0675136521,-0.823267162,0.560200393,-0.130133733,0.0652933791,0.0435138941,0.184221789,-0.0272174962,-0.0586049855,-0.481558532,-0.100134797,-0.0723241344,0.2576949,0.18956466,0.0689805299,-0.0974200666,-0.0201071817,0.461859286,-0.393429965,0.341904461,-0.498850346,0.935083747,0.050081972,-0.178548738,0.351610363,-1.11855364,-0.766304672,0.436666071,0.685988605,-0.256687462,-0.00908343215,-0.758940279
0.0155547643,0.868869364,0.914043725,0.0636110231,0.0683409646,-0.82329154,0.559887648,-0.128988549,0.0649891794,0.041999843,0.176021338,-0.025119558,-0.0600061901,-0.481138676,-0.100337833,-0.0762483329,0.251553416,0.188408762,0.0693154782,-0.0976721346,-0.0205141827,0.463419169,-0.392298222,0.340995729,-0.49469769,0.933819652,0.0468418561,-0.180787027,0.3475959,-1.11376989,-0.768281996,0.430248141,0.668399453,-0.25651893,-0.0117422184,-0.764298499
0.0148295565,0.869471252,0.914156973,0.0653936714,0.0691670105,-0.823324025,0.55953294,-0.126809672,0.064849779,0.0431182906,0.165251598,-0.0222710781,-0.0616970696,-0.479411066,-0.0993972048,-0.0751313418,0.241429716,0.187897772,0.0693631172,-0.100596286,-0.0205410812,0.462999672,-0.388766319,0.34053883,-0.492443144,0.932828844,0.041835282,-0.182812363,0.340313792,-1.1052233,-0.772204697,0.425664932,0.647369266,-0.259763122,-0.0124989701,-0.763891816
0.0138313044,0.870092869,0.91423738,0.0673947409,0.0701287985,-0.823410273,0.559048653,-0.125118479,0.0646064952,0.0414421968,0.155475736,-0.0192484893,-0.0632855967,-0.478274494,-0.098715052,-0.0762302727,0.232688963,0.186974883,0.0700143427,-0.101655222,-0.0212090127,0.462606609,-0.38390553,0.341462493,-0.490733474,0.931221068,0.0384402722,-0.184833512,0.335978061,-1.09774661,-0.781025827,0.422351271,0.625682533,-0.268525183,-0.0105463983,-0.767728329
0.0131905219,0.870678902,0.914264143,0.0694293454,0.0710105374,-0.82330966,0.55883652,-0.123661354,0.0644430369,0.0417427234,0.144963741,-0.0163313691,-0.0660106093,-0.476127803,-0.0982635692,-0.0772487372,0.221046954,0.186200932,0.0718322471,-0.102636911,-0.0215922743,0.461913556,-0.378734201,0.341406345,-0.487375349,0.927165389,0.0331894644,-0.187867403,0.333394736,-1.08982122,-0.788253129,0.418211818,0.607335567,-0.277224064,-0.00744350953,-0.770925343
0.0122912154,0.871119499,0.914338589,0.0711284429,0.0719776452,-0.822558463,0.559604824,-0.123508923,0.0639218614,0.0406999402,0.13747789,-0.0132128783,-0.0684855953,-0.473771095,-0.0988667756,-0.0786460564,0.211352184,0.185577095,0.0710638165,-0.102456145,-0.0204812903,0.462564796,-0.376287997,0.339314878,-0.485443652,0.924806654,0.03287616,-0.189728782,0.332141638,-1.08320904,-0.794095516,0.41202727,0.592801213,-0.285212189,-0.00409320137,-0.775256991
0.0113455132,0.871323705,0.914299786,0.0735331848,0.0730541497,-0.821871877,0.560162961,-0.125831336,0.0633531064,0.0395334288,0.132875592,-0.0099985823,-0.0708016977,-0.473249525,-0.100165032,-0.0834654421,0.203357533,0.183642894,0.0706583634,-0.100572631,-0.0197606198,0.46367842,-0.375306129,0.338131249,-0.48662138,0.923536479,0.0340940915,-0.190807208,0.332369953,-1.07787263,-0.801070452,0.410647243,0.582419276,-0.297999382,0.000647404871,-0.777584672
0.0104066553,0.871259272,0.914272904,0.0751559287,0.0743250623,-0.820943356,0.561141074,-0.129804984,0.0635479242,0.0385709442,0.133099511,-0.00869201962,-0.0730349422,-0.474181056,-0.101112694,-0.0862745866,0.200293794,0.182184532,0.0698197857,-0.0980062187,-0.0190978646,0.467068821,-0.376537263,0.336331069,-0.489043176,0.919875681,0.0361824408,-0.191331491,0.336808205,-1.07592702,-0.803669035,0.409217387,0.580233335,-0.307049662,0.0071159862,-0.788759708
0.0100292265,0.870880008,0.914192736,0.0762965009,0.0754200444,-0.820078015,0.562105596,-0.135111213,0.064234063,0.0383769199,0.136961117,-0.00914071687,-0.074745968,-0.478011042,-0.101813726,-0.0878885835,0.203493908,0.181271315,0.0678266287,-0.0942452624,-0.017225055,0.470765382,-0.379655033,0.334882736,-0.492737412,0.915183425,0.0414521992,-0.191985026,0.340055197,-1.07715964,-0.803109646,0.410949498,0.585765302,-0.314960808,0.0109325843,-0.795914769
0.00930649787,0.870252252,0.913979352,0.0777001232,0.076386258,-0.819049239,0.563281655,-0.141510829,0.0652887076,0.0368015654,0.144031689,-0.01033899,-0.0775477439,-0.482034504,-0.102304928,-0.0894667581,0.208797306,0.176055789,0.0643762946,-0.0893109813,-0.0144841643,0.477194875,-0.383595556,0.334348112,-0.499316096,0.912077785,0.0461299196,-0.191418305,0.345206529,-1.08259273,-0.800186574,0.414310724,0.595162809,-0.321958452,0.0150402421,-0.80857563
0.0104302708,0.869298458,0.913621068,0.078225635,0.0762972832,-0.818392336,0.564175069,-0.148410156,0.0655277967,0.0344513617,0.153282344,-0.0129237995,-0.0769198015,-0.488304347,-0.103496566,-0.0907708928,0.21848166,0.173373416,0.0610926412,-0.0841756016,-0.0115918703,0.483026475,-0.391464651,0.333516419,-0.503954649,0.909907639,0.0495005623,-0.189400434,0.354862809,-1.0895493,-0.794600487,0.422024906,0.610795557,-0.324415177,0.0181817599,-0.817311823
0.0105472477,0.868252456,0.913263738,0.0784204379,0.076335445,-0.817973435,0.564750075,-0.154422805,0.0667003244,0.0326258987,0.16523917,-0.016533656,-0.0778592974,-0.494339734,-0.103992105,-0.0926750973,0.231932566,0.167623132,0.0576452278,-0.0795548558,-0.00850355532,0.489331901,-0.398309082,0.330211401,-0.50735724,0.909327388,0.0501288734,-0.187382713,0.361369669,-1.09865665,-0.785946846,0.426642269,0.63116014,-0.318087161,0.0166539159,-0.824389279
0.0122171044,0.867039561,0.912856579,0.0784266517,0.075537093,-0.817838669,0.565051556,-0.161213204,0.0668993667,0.0291641261,0.177923352,-0.0194273051,-0.0779736713,-0.502389371,-0.104508333,-0.0925793573,0.247356325,0.164575785,0.0532953888,-0.0752438679,-0.0046017631,0.492848516,-0.405874163,0.327512026,-0.5097875,0.910763383,0.0525639281,-0.185525358,0.370102406,-1.10841274,-0.774199545,0.431943804,0.654081583,-0.312139869,0.014415564,-0.833275497
0.0130811846,0.865932882,0.912421465,0.0786109716,0.0746517703,-0.818134725,0.564714909,-0.167502031,0.0673139319,0.0285178833,0.192419946,-0.021876689,-0.0781269446,-0.509294629,-0.104907259,-0.0932652205,0.261936247,0.160516202,0.0489049964,-0.0718146041,-0.00269253342,0.493623555,-0.411553264,0.32328555,-0.511273563,0.918343723,0.0549817346,-0.18230091,0.375458896,-1.11593831,-0.760199308,0.437937349,0.676681161,-0.303353518,0.011976325,-0.83466059
0.0153850233,0.864911914,0.91207242,0.0777250156,0.0733795837,-0.818426907,0.564580917,-0.172943145,0.0671954229,0.0270920135,0.204854861,-0.0244403929,-0.0761870593,-0.516815662,-0.104871005,-0.089551419,0.276675105,0.162278399,0.0461079329,-0.0703255832,-0.00189422059,0.494189978,-0.418525249,0.319418818,-0.51028198,0.923006475,0.0532827936,-0.179047883,0.382367045,-1.1247915,-0.746749461,0.444039285,0.703184307,-0.289033651,0.00949118193,-0.830092371
0.0158181172,0.864341319,0.911826313,0.077166222,0.0722516477,-0.818684936,0.564428985,-0.175208703,0.0680981055,0.0276361946,0.215269729,-0.0256337225,-0.0757363215,-0.520076871,-0.104585953,-0.0887687728,0.288423836,0.15809457,0.0429948345,-0.0691737458,-0.00126872072,0.493932307,-0.421524704,0.317267597,-0.508463383,0.93015331,0.0571793877,-0.174276665,0.38422513,-1.13132775,-0.738002896,0.450489253,0.720948577,-0.283207685,0.0068333433,-0.822150707
0.0161373019,0.864047229,0.911679745,0.0760488063,0.0710612237,-0.819211602,0.563967407,-0.173331663,0.0691331923,0.029810179,0.219857231,-0.0274785515,-0.0754357576,-0.520717204,-0.104154259,-0.0892286748,0.296533167,0.155902773,0.0419054776,-0.0696678236,-0.00112401554,0.493157983,-0.423934728,0.313479632,-0.50354743,0.938789129,0.0590183325,-0.170280769,0.384678513,-1.13423645,-0.729085803,0.452030778,0.731560528,-0.273908556,0.00183318043,-0.814031899
0.0158086084,0.864106059,0.91157037,0.0738316402,0.0694403425,-0.819787443,0.563627064,-0.167261511,0.0698217377,0.0317975394,0.222154915,-0.0302046183,-0.0739213005,-0.514932573,-0.10395138,-0.0903294683,0.298333317,0.151753172,0.0408450961,-0.0718096346,-0.00285038399,0.491913378,-0.426422983,0.311013281,-0.500985146,0.948361099,0.0633645728,-0.166736618,0.380541235,-1.13187385,-0.723087788,0.449302524,0.735589027,-0.263727665,-0.0037390918,-0.804279745
0.0158548988,0.864427388,0.911546767,0.0713303015,0.0675064325,-0.820416689,0.563268423,-0.15846917,0.0703821331,0.0337639861,0.219953999,-0.0325691625,-0.0725162104,-0.50706172,-0.10386356,-0.0927885845,0.296932638,0.148789659,0.0414479338,-0.0755587369,-0.00535647292,0.490186214,-0.427572042,0.309882909,-0.498632997,0.958619237,0.0640745535,-0.164107651,0.374961942,-1.12976778,-0.725421965,0.444724292,0.728142858,-0.255884022,-0.00930290949,-0.797068775
0.0154227158,0.864942551,0.911583304,0.0695315078,0.0661638752,-0.820866406,0.562997341,-0.149775028,0.0699500665,0.034051694,0.214146778,-0.0340867117,-0.0710378736,-0.498077095,-0.104146361,-0.0954643637,0.290269554,0.145676285,0.0431151353,-0.079238452,-0.0086200051,0.484435439,-0.425899982,0.308499575,-0.498873144,0.965927243,0.0638969392,-0.164332047,0.365307987,-1.12351763,-0.735030055,0.438332498,0.71092093,-0.254832953,-0.0132228825,-0.791919768
0.0138872778,0.865677357,0.911663711,0.0688730851,0.0652700216,-0.821150005,0.562769055,-0.14186883,0.0686696842,0.0323312469,0.207365125,-0.0334285982,-0.0700914934,-0.488401651,-0.10461238,-0.0975617915,0.280348241,0.140533015,0.0436263606,-0.0817665309,-0.0118063493,0.476737171,-0.420309305,0.306154102,-0.499409854,0.971943319,0.0609258264,-0.165638924,0.350212783,-1.11222064,-0.746960342,0.430694252,0.692732155,-0.253503501,-0.0161817651,-0.781064987
0.0126576368,0.866547227,0.91179508,0.06813059,0.0648061037,-0.821598291,0.562258542,-0.133551583,0.0665437505,0.0305845346,0.196622252,-0.0334201604,-0.0678878948,-0.478615344,-0.104944013,-0.0972802863,0.26597622,0.139345929,0.0464892238,-0.085383296,-0.016025221,0.467442304,-0.414276063,0.302958846,-0.501145065,0.974714696,0.0560669452,-0.168951735,0.338502228,-1.10143518,-0.757162154,0.424030393,0.674889863,-0.252469391,-0.0180761013,-0.772875786
0.0127712023,0.867465496,0.911962688,0.0678071603,0.0636365712,-0.822072506,0.561737776,-0.125237808,0.0649205819,0.0289532132,0.183995515,-0.0304454062,-0.0669371262,-0.469481558,-0.104628868,-0.0969151706,0.250955105,0.138922647,0.0482795686,-0.0870704129,-0.0182489175,0.458356202,-0.409074098,0.30148223,-0.501794934,0.978410125,0.0520389788,-0.172150254,0.328303844,-1.09225285,-0.768539488,0.419886291,0.655289352,-0.256676435,-0.0186244454,-0.764745593
0.0125935404,0.868390203,0.912241697,0.0669819266,0.0628270432,-0.822429359,0.56140554,-0.118026078,0.0632273778,0.0280561652,0.174028248,-0.0273119565,-0.065838322,-0.460723966,-0.1048145,-0.0967415422,0.23781167,0.139931887,0.0504846647,-0.0885340348,-0.0215992089,0.448754489,-0.403055787,0.297322243,-0.499631166,0.97973448,0.044720836,-0.174021244,0.316328466,-1.08270609,-0.778191328,0.413925737,0.640465617,-0.256683081,-0.0182311535,-0.754640162
0.0126552535,0.869313538,0.912393034,0.0662167743,0.0618330725,-0.822838604,0.561006844,-0.10929241,0.0606742129,0.0280284509,0.160266221,-0.0252689682,-0.0644325614,-0.451779395,-0.105714805,-0.0955502167,0.222499385,0.142496452,0.0548318438,-0.0910070017,-0.0239419546,0.438408226,-0.397438407,0.293139309,-0.499409735,0.980446637,0.0350709073,-0.17587848,0.306923419,-1.07350624,-0.78679353,0.411306322,0.629462361,-0.260232329,-0.0161922574,-0.743935943
0.0139212226,0.86997664,0.912560642,0.0652507246,0.0605449378,-0.823289514,0.560598791,-0.102073893,0.0593084767,0.0272002164,0.149121508,-0.0228080545,-0.0645913333,-0.445246547,-0.105060004,-0.0928754807,0.211440355,0.146220699,0.0578916594,-0.0922245681,-0.024940474,0.430797189,-0.392243892,0.292997032,-0.501191616,0.978103638,0.0305423513,-0.179016829,0.304604739,-1.06818616,-0.793778896,0.412694782,0.621046007,-0.270183653,-0.0121540129,-0.744001389
0.0147927366,0.870449305,0.912729383,0.0636682883,0.0592861548,-0.823634267,0.56040889,-0.0962006524,0.0586532503,0.0268336907,0.143539533,-0.0210733004,-0.0640525967,-0.438905656,-0.104350924,-0.0897034258,0.204130113,0.148802176,0.0596517362,-0.0924881697,-0.0269039739,0.42320779,-0.387228847,0.292173415,-0.502061725,0.974864602,0.0274312366,-0.181631491,0.303089708,-1.06472075,-0.796644211,0.416632891,0.620187521,-0.276905805,-0.0105618499,-0.739255011
0.0163491629,0.870674729,0.912772,0.0611263588,0.0576057695,-0.824217737,0.560009122,-0.0898616835,0.0582618974,0.0276642814,0.140056312,-0.0223980565,-0.0635079145,-0.433548748,-0.103924967,-0.0877524242,0.200983241,0.152015805,0.0627729669,-0.0927570239,-0.0294746235,0.416764498,-0.384517312,0.292395949,-0.50356245,0.971299648,0.0235546287,-0.183166206,0.303887844,-1.0647614,-0.796270788,0.42057234,0.623815119,-0.281020701,-0.00805709511,-0.74064517
0.0168675128,0.870694876,0.912831306,0.0583525673,0.0563069023,-0.824735045,0.559675455,-0.084528178,0.0579454266,0.027383469,0.140926048,-0.0246037934,-0.0614237003,-0.428816646,-0.103226781,-0.0843720213,0.201609984,0.154276118,0.0646127388,-0.0913975313,-0.0311882552,0.412014127,-0.382536888,0.29142496,-0.504644692,0.967673302,0.0214927886,-0.183636919,0.302424878,-1.06564105,-0.791686475,0.42565304,0.634396315,-0.280965716,-0.00692593073,-0.73412472
0.0179295838,0.870551169,0.912844062,0.0554697551,0.0545345917,-0.825258195,0.559372902,-0.0810224488,0.0581932738,0.0291127264,0.146334901,-0.0268585477,-0.0608700328,-0.424973816,-0.102725327,-0.08199054,0.204969227,0.155051857,0.0653135553,-0.088738516,-0.0340116024,0.407889038,-0.382635385,0.293318838,-0.507792115,0.963530183,0.0215223227,-0.183180556,0.30394575,-1.06885695,-0.786421776,0.434168696,0.646147132,-0.279336661,-0.00814951211,-0.728025317
0.0195672549,0.870271385,0.912862539,0.0521635897,0.0524371266,-0.825643361,0.559323132,-0.0780800581,0.0587104037,0.0305386279,0.15408425,-0.0294112172,-0.0598024651,-0.422830492,-0.102255285,-0.0797399655,0.213166952,0.156891271,0.0655157119,-0.0866865888,-0.0356610045,0.403355896,-0.384171695,0.294745326,-0.50918889,0.963298142,0.0253241342,-0.181796968,0.30642423,-1.07252228,-0.779830813,0.441945881,0.659346282,-0.279688716,-0.0086918585,-0.721717358
0.0205751173,0.869971693,0.912913859,0.0487847179,0.0504305549,-0.826307297,0.558831811,-0.0754163489,0.0595049039,0.0318669602,0.164653182,-0.0314360373,-0.0587139502,-0.420331925,-0.101362266,-0.0780245438,0.22242251,0.157622591,0.0650737435,-0.0842223987,-0.0379475467,0.399388313,-0.384921074,0.294441938,-0.508489728,0.963980019,0.0267049186,-0.179204971,0.306108415,-1.07534826,-0.771741033,0.446051478,0.670255721,-0.276827037,-0.00900328532,-0.716355979
0.0209953673,0.869781852,0.912859917,0.0464687571,0.0485618338,-0.826852202,0.558388591,-0.0736096278,0.0599928983,0.032985162,0.174881235,-0.032490775,-0.0586558655,-0.417305827,-0.101138853,-0.0782427341,0.228886709,0.155925542,0.0649126768,-0.0827052742,-0.0397193022,0.39528659,-0.384997159,0.295170665,-0.507563174,0.966433287,0.0305245072,-0.175828516,0.306345373,-1.07465792,-0.764396191,0.448468179,0.675654352,-0.272083342,-0.0112387268,-0.708501756
0.021839859,0.86964196,0.912894428,0.0435438827,0.0467319265,-0.827518582,0.557793021,-0.0708519369,0.0603391379,0.0346706249,0.183115393,-0.033897534,-0.0585440099,-0.413870066,-0.100691959,-0.0772868022,0.234140292,0.156817615,0.0673549473,-0.084347792,-0.0429107547,0.389591426,-0.384765476,0.296552569,-0.50850302,0.969128489,0.035801325,-0.17258054,0.308501154,-1.07258928,-0.76133889,0.451690584,0.674085975,-0.268032253,-0.0140672773,-0.698668182
0.0226336736,0.869658172,0.912885189,0.0407917611,0.0447849706,-0.828193724,0.557158351,-0.0658717602,0.060262017,0.0372415893,0.18675594,-0.0355287977,-0.0577946641,-0.408573806,-0.101237789,-0.0795826092,0.235582948,0.157464609,0.0701386184,-0.0864459947,-0.0459438264,0.382560521,-0.383681804,0.297149807,-0.5086236,0.973760605,0.0364581831,-0.171305656,0.304514974,-1.06926119,-0.763878584,0.452427119,0.665159285,-0.271937639,-0.0134801194,-0.692999005
0.0228617843,0.869763017,0.912962794,0.0384621285,0.0432477966,-0.829168797,0.555994093,-0.0615998767,0.0592862591,0.0393225551,0.189976424,-0.036020454,-0.0554292575,-0.403891265,-0.101456665,-0.0789227113,0.235701099,0.158663005,0.0743937492,-0.0881108195,-0.0489401855,0.376072347,-0.382298827,0.29633671,-0.509322762,0.978560627,0.0367461927,-0.169050336,0.300575882,-1.06468844,-0.768695593,0.450862944,0.650006294,-0.273472786,-0.0121924374,-0.688320994
0.022953352,0.869958282,0.913001359,0.0367807187,0.0424632207,-0.829916298,0.55505228,-0.0572184511,0.0589650124,0.0411895625,0.189228073,-0.0370955057,-0.0530429557,-0.399432033,-0.100637183,-0.0767134428,0.232472643,0.160532549,0.0791051388,-0.0913810134,-0.0522143617,0.369438022,-0.379399538,0.295455754,-0.507392764,0.983387589,0.0370055921,-0.168997496,0.293561012,-1.06101465,-0.777960837,0.449770629,0.628657341,-0.282841146,-0.0111079756,-0.683905661
0.0229096524,0.870224476,0.913022816,0.0353272632,0.0417678133,-0.83077383,0.553915441,-0.0522020459,0.0580487177,0.0433119722,0.185807243,-0.0384014882,-0.0505291261,-0.394422114,-0.100184262,-0.0746285319,0.226477653,0.162578076,0.0843044147,-0.0949775204,-0.0551564246,0.362891257,-0.375899255,0.293886244,-0.504639268,0.988248587,0.0354260653,-0.170448169,0.28521049,-1.05777466,-0.7885952,0.44718948,0.606312633,-0.292305768,-0.0104021952,-0.681626558
0.0226638224,0.87064445,0.913031757,0.0341358855,0.0410430767,-0.831942379,0.552288055,-0.0465582088,0.0567118414,0.0461302511,0.180793911,-0.0393802486,-0.0482814983,-0.388549566,-0.100038879,-0.0736670792,0.217975661,0.163901076,0.090190582,-0.0982217118,-0.0578910187,0.356272817,-0.371993244,0.291875631,-0.502321899,0.992957771,0.032578405,-0.172683239,0.275932223,-1.0543108,-0.798935533,0.442124873,0.586119652,-0.297141016,-0.0105459038,-0.681477904
0.0217347629,0.871129215,0.913006008,0.0336429328,0.04101431,-0.832792461,0.551037848,-0.0412612185,0.0551871248,0.048860006,0.17377378,-0.0403499715,-0.0460222363,-0.382725924,-0.100288168,-0.0730956197,0.207214013,0.165132433,0.0959915668,-0.101003394,-0.0604291223,0.349449605,-0.367146164,0.290345103,-0.501428366,0.99646616,0.0304319486,-0.175500855,0.267164677,-1.05033624,-0.808893859,0.436712205,0.569597602,-0.298778892,-0.0118653839,-0.681877613
0.020803703,0.871544659,0.912884176,0.0339689478,0.0412115939,-0.834011674,0.549155951,-0.0362002626,0.0538530573,0.0514380373,0.164530531,-0.04136068,-0.0441147238,-0.37753737,-0.099781014,-0.0736694485,0.193981647,0.166280031,0.101525269,-0.10340412,-0.0626362935,0.341941237,-0.360425711,0.288900852,-0.501135886,0.998413444,0.0293946788,-0.178823486,0.26042527,-1.04547727,-0.817271531,0.431985289,0.558235466,-0.298136532,-0.0143398801,-0.683068395
0.0193781499,0.871755242,0.912730217,0.0338688083,0.0417049006,-0.834895015,0.547780931,-0.0290701538,0.0517527051,0.052445326,0.152767137,-0.0430029891,-0.0426151454,-0.369744807,-0.100497864,-0.0766855553,0.178186759,0.166749224,0.106551811,-0.105620556,-0.0640563592,0.333506554,-0.351077169,0.286121517,-0.501821041,0.999256134,0.0285815839,-0.181868464,0.256255686,-1.03909075,-0.822628379,0.428424388,0.552676022,-0.296248883,-0.0164737646,-0.685273767
0.0181211624,0.870939016,0.912666678,0.0318403617,0.0413711965,-0.834765255,0.548125505,-0.0162369944,0.0503234006,0.0501657128,0.138850272,-0.0447970405,-0.0414953344,-0.354443163,-0.101733066,-0.0837216377,0.161019191,0.165626913,0.111305349,-0.108984806,-0.0642203987,0.323863983,-0.337895155,0.281959981,-0.504506171,0.999512732,0.0278899688,-0.184605896,0.254448563,-1.03134584,-0.825664282,0.427065581,0.552577436,-0.294443369,-0.0175786428,-0.68707478
0.0162438434,0.868684351,0.912216604,0.0272349492,0.0397568978,-0.831158996,0.553942621,0.00417251885,0.0472043008,0.0454749651,0.12508212,-0.0489229262,-0.0408217125,-0.328845233,-0.101164013,-0.0940083563,0.148674652,0.166780248,0.115482949,-0.113474488,-0.0631425828,0.313934118,-0.32267943,0.277008832,-0.509080827,0.999609947,0.0271875635,-0.186714768,0.254274249,-1.02326965,-0.826047957,0.428021848,0.556996584,-0.292026401,-0.017805066,-0.687740743
0.0176799856,0.869763017,0.912466705,0.0259892084,0.0394390263,-0.833219349,0.550921619,0.00785425026,0.0493948311,0.0439106785,0.116367221,-0.0488278158,-0.0393999666,-0.328111142,-0.104353428,-0.0972530916,0.139942542,0.166961834,0.118876815,-0.113949254,-0.0631072447,0.308677554,-0.317732543,0.27491793,-0.511622727,0.999846578,0.0258134138,-0.187546954,0.253536105,-1.02103496,-0.823234081,0.428946376,0.563486576,-0.289176583,-0.0179304294,-0.68839395
0.0162746608,0.868688643,0.912129939,0.0236428846,0.0392758921,-0.830611706,0.55496186,0.0161493085,0.0462283194,0.0431976505,0.112543367,-0.0535380095,-0.0378297232,-0.319688439,-0.103240125,-0.100383036,0.143364429,0.172295138,0.121367633,-0.113517478,-0.0630357713,0.304403394,-0.316672981,0.273209691,-0.514019191,1.00083399,0.0243384074,-0.187449664,0.251415133,-1.02129662,-0.818763554,0.430232674,0.57174319,-0.285792023,-0.0181303844,-0.687024534
0.0182026699,0.87094754,0.912357509,0.0242495574,0.0398508161,-0.83300215,0.551299632,0.00717635453,0.0470380895,0.0461112,0.114608526,-0.0539064184,-0.0350327343,-0.335705936,-0.107606724,-0.0942708254,0.150598168,0.177674592,0.122691542,-0.108810253,-0.0641938895,0.304477572,-0.326440632,0.274098068,-0.512991786,1.00230145,0.0220979713,-0.186529592,0.248342767,-1.02616775,-0.812657237,0.430395663,0.578836739,-0.283182919,-0.0186816733,-0.685209394
0.0194977522,0.871909618,0.912286401,0.0249192379,0.0396720693,-0.833798707,0.55007714,0.000306876318,0.0460710153,0.0491560921,0.120602906,-0.0551330484,-0.0322580338,-0.347553939,-0.107997857,-0.0877548456,0.162633434,0.182023957,0.12265157,-0.104073867,-0.064806819,0.304210246,-0.336654067,0.27580145,-0.511362731,1.00429118,0.0204842202,-0.184800759,0.245257303,-1.03125286,-0.806998014,0.43045181,0.58597517,-0.282043189,-0.0185261127,-0.680241883
0.0198187083,0.871939242,0.912387967,0.0237753503,0.0391764939,-0.833573997,0.550503671,-0.00141596573,0.046215672,0.0501673371,0.127709761,-0.0568792298,-0.0299421139,-0.352012277,-0.108145468,-0.0825833902,0.174899533,0.183782235,0.121619105,-0.101414569,-0.0642204732,0.302452266,-0.342040747,0.277154684,-0.509907722,1.00534725,0.0200986024,-0.182575285,0.242885128,-1.03366685,-0.801949263,0.430354893,0.591957569,-0.280604035,-0.0180679951,-0.671541333
0.01978123,0.871763825,0.912471414,0.0216544904,0.0385159589,-0.833079278,0.551385999,-0.0002306237,0.046807576,0.0489683449,0.135058612,-0.0583781376,-0.0281085987,-0.352001905,-0.108131051,-0.0788003579,0.185446829,0.183918536,0.12062344,-0.10078197,-0.0630288795,0.299452245,-0.343091667,0.278285652,-0.508445382,1.00538588,0.0211369377,-0.179989651,0.24158895,-1.03276587,-0.797574222,0.428778768,0.595496476,-0.276708782,-0.0179059394,-0.661292374
0.0206217561,0.871500969,0.912519813,0.0189057607,0.0369161516,-0.83288604,0.551888168,0.00204801187,0.0471893474,0.0465195961,0.141198635,-0.0598904006,-0.0261765085,-0.350459605,-0.107757285,-0.0760148019,0.193891183,0.183966637,0.12012846,-0.101237237,-0.0619188212,0.295254141,-0.341608226,0.27964431,-0.506666899,1.00491774,0.0222116355,-0.177078396,0.240772471,-1.02917457,-0.794390559,0.425689578,0.595476747,-0.271915317,-0.0174287017,-0.651131749
0.0210722852,0.871384263,0.912521541,0.0163633376,0.0355435498,-0.832672954,0.552380919,0.00553599931,0.0470090173,0.0433305316,0.145998761,-0.0612352602,-0.0239938684,-0.347902596,-0.107809007,-0.0736270174,0.20082584,0.183989003,0.119614668,-0.102087982,-0.0610314719,0.289964586,-0.338408738,0.281550676,-0.504683554,1.00431931,0.0231030248,-0.174327791,0.23868902,-1.02389634,-0.793638885,0.421391755,0.591049492,-0.269180685,-0.0162242949,-0.641775131
0.0215356983,0.871305466,0.912521839,0.0140824784,0.034191981,-0.832573533,0.552678823,0.00947273988,0.0470281132,0.0396284275,0.148813084,-0.0621333085,-0.0216503665,-0.345274627,-0.107308775,-0.0714975893,0.206510752,0.183721319,0.118970327,-0.102894157,-0.0603348799,0.283697814,-0.334147751,0.28415218,-0.503141701,1.00426853,0.0236242563,-0.172029823,0.23471424,-1.01822019,-0.795957088,0.416816324,0.582725286,-0.269945502,-0.0142421359,-0.63389802
0.0217165872,0.871323168,0.912516057,0.012423248,0.0330523998,-0.83236289,0.553105056,0.0138953654,0.0473028161,0.036452502,0.149024904,-0.0630922988,-0.0196440835,-0.34234482,-0.106679328,-0.0697811395,0.21023351,0.182952359,0.11872258,-0.103846453,-0.0598839372,0.276600212,-0.328813881,0.287137538,-0.502243459,1.00462246,0.0234325547,-0.170719802,0.228816122,-1.01251543,-0.801315546,0.412892342,0.571280181,-0.274538606,-0.0118573839,-0.627778828
0.0210503582,0.871486008,0.912465394,0.0115061728,0.032456059,-0.832668304,0.5527004,0.0183987096,0.0473084748,0.0364416763,0.14722921,-0.0640322417,-0.0189834889,-0.33891201,-0.106033683,-0.0680479258,0.209611028,0.180674538,0.119976692,-0.105971307,-0.0597897358,0.269273341,-0.321750551,0.289325297,-0.500883818,1.00479555,0.0222008191,-0.170500666,0.222404659,-1.00709021,-0.807454169,0.408893287,0.558329463,-0.277599305,-0.0101919426,-0.622714043
0.021028759,0.871645093,0.912494779,0.0100867469,0.0321052745,-0.833034337,0.552196801,0.0238976683,0.0475457348,0.0374759361,0.142038286,-0.0655456707,-0.0179319289,-0.336411387,-0.104985125,-0.0659321696,0.209100768,0.182454273,0.124187216,-0.108791292,-0.0597162135,0.261728317,-0.315613002,0.290305376,-0.498115808,1.0054996,0.0220870562,-0.171265364,0.216238543,-1.00347614,-0.813611746,0.40360716,0.547095597,-0.280305386,-0.0091266837,-0.6243819
0.0200350229,0.871862292,0.912480474,0.00971271284,0.0320937857,-0.833400965,0.551650703,0.0281411521,0.0473950244,0.0362100452,0.138225824,-0.0662015229,-0.0163744986,-0.333868563,-0.103878185,-0.0637932271,0.207240179,0.182081461,0.124608673,-0.109610945,-0.0590852164,0.2549088,-0.308881551,0.290503979,-0.495570004,1.00831354,0.0212702416,-0.172730654,0.205537573,-0.999299765,-0.820560396,0.398948014,0.537227631,-0.284021854,-0.00846213847,-0.624464691
0.0194826759,0.872162461,0.912408054,0.00942170434,0.0316645429,-0.833728313,0.551185727,0.0330965891,0.0462526157,0.0381266363,0.131674916,-0.066920504,-0.0171074197,-0.331112355,-0.104966193,-0.0644331723,0.203636751,0.182142243,0.127079695,-0.110685572,-0.057451997,0.249655426,-0.305025697,0.290683091,-0.496334493,1.00985169,0.02176423,-0.173168689,0.202679649,-0.996638417,-0.820822537,0.392546177,0.531817377,-0.272922158,-0.0113507314,-0.620332181
0.0181452818,0.872448146,0.912284613,0.00929975975,0.031327229,-0.834270537,0.550386012,0.0379047729,0.0446919203,0.039538119,0.126851037,-0.0669183433,-0.0179942902,-0.325752795,-0.106267594,-0.0670803711,0.196401715,0.179510206,0.131126553,-0.110713243,-0.0583457649,0.245687991,-0.301783532,0.28952089,-0.497455955,1.01507103,0.0211451631,-0.173111171,0.200110197,-0.994556665,-0.82292068,0.385897785,0.527455986,-0.264897853,-0.0131668914,-0.621642172
0.0163953863,0.872699201,0.912170231,0.00971298292,0.0311113056,-0.835064471,0.549185872,0.0421220474,0.0417392254,0.0390789621,0.121722102,-0.0665201545,-0.0168645084,-0.321620882,-0.108571045,-0.0715016127,0.189437151,0.178420767,0.134579495,-0.110302463,-0.0595343374,0.241476566,-0.298239976,0.290084779,-0.503395796,1.02044296,0.0228409246,-0.175323963,0.193217978,-0.994909883,-0.828733921,0.385451794,0.526150107,-0.269006073,-0.0123475259,-0.622298062
0.0175336245,0.872740924,0.912083924,0.0101558492,0.0297474507,-0.835894406,0.547989488,0.0434255898,0.0398268439,0.0404832214,0.119570635,-0.0647838116,-0.0182799473,-0.322417825,-0.109708078,-0.0728064328,0.188919082,0.178729683,0.135188982,-0.110047609,-0.0589779094,0.239031658,-0.296008885,0.292706132,-0.503038228,1.02484965,0.0256065503,-0.177687779,0.194542244,-0.999318182,-0.830760717,0.386617213,0.52675736,-0.273969054,-0.0133036934,-0.623200059
